"Date","Team","Opponent","Result","Points_For","Points_Against","Home","Neutral","OT_Rounds","Season","Season_Type","Playoff_Round","Game_Id","Q1_Points_For","Q2_Points_For","Q3_Points_For","Q4_Points_For","OT_Points_For","Q1_Points_Against","Q2_Points_Against","Q3_Points_Against","Q4_Points_Against","OT_Points_Against","FG_Made_For","FG_Att_For","FG_Per_For","Threes_Made_For","Threes_Att_For","Threes_Per_For","FT_Made_For","FT_Att_For","FT_Per_For","Rebounds_For","Offensive_Rebounds_For","Defensive_Rebounds_For","Assists_For","Steals_For","Blocks_For","Total_Turnovers_For","Points_Off_Turnovers_For","Fast_Break_Points_For","Points_in_Paint_For","Fouls_For","Technical_Fouls_For","Flagrant_Fouls_For","Largest_Lead_For","FG_Made_Against","FG_Att_Against","FG_Per_Against","Threes_Made_Against","Threes_Att_Against","Threes_Per_Against","FT_Made_Against","FT_Att_Against","FT_Per_Against","Rebounds_Against","Offensive_Rebounds_Against","Defensive_Rebounds_Against","Assists_Against","Steals_Against","Blocks_Against","Total_Turnovers_Against","Points_Off_Turnovers_Against","Fast_Break_Points_Against","Points_in_Paint_Against","Fouls_Against","Technical_Fouls_Against","Flagrant_Fouls_Against","Largest_Lead_Against","Line_Favored","Line_Amount","Over_Under","Correct_Line","Spread_Winner","Over_Under_Winner","Short_Name","Team_ID","Conference","Team_Name","Opp_Short_Name","Opp_Team_ID","Opp_Conference","Opp_Team_Name"
2020-12-11,"Atlanta","Orlando","L","112","116",1,0,0,2021,"Pre-Season","Non-Playoff","401265784",23,29,25,35,0,31,21,35,29,0,"34","92",0.37,"10","32",0.313,"34","41",0.829,"61","19","42","20","8","4","23","24","14","32","25","0","0","4","42","92",0.457,"12","42",0.286,"20","29",0.69,"49","10","39","26","10","8","15","22","16","40","28","0","0","15","ATL","-7.5",NA,"0",NA,NA,"ATL","atlanta-hawks","Southeast","Hawks","ORL","orlando-magic","Southeast","Magic"
2020-12-11,"Orlando","Atlanta","W","116","112",0,0,0,2021,"Pre-Season","Non-Playoff","401265784",31,21,35,29,0,23,29,25,35,0,"42","92",0.457,"12","42",0.286,"20","29",0.69,"49","10","39","26","10","8","15","22","16","40","28","0","0","15","34","92",0.37,"10","32",0.313,"34","41",0.829,"61","19","42","20","8","4","23","24","14","32","25","0","0","4","ATL","-7.5",NA,"0",NA,NA,"ORL","orlando-magic","Southeast","Magic","ATL","atlanta-hawks","Southeast","Hawks"
2020-12-11,"Detroit","New York","L","84","90",1,0,0,2021,"Pre-Season","Non-Playoff","401265785",18,29,14,23,0,22,26,26,16,0,"26","80",0.325,"10","39",0.256,"22","25",0.88,"41","10","31","17","12","3","22","19","11","30","18","0","0","7","38","83",0.458,"5","23",0.217,"9","19",0.474,"54","13","41","23","12","6","24","24","11","52","28","0","0","18","DET","-1.5",NA,"0",NA,NA,"DET","detroit-pistons","Central","Pistons","NY","new-york-knicks","Atlantic","Knicks"
2020-12-11,"New York","Detroit","W","90","84",0,0,0,2021,"Pre-Season","Non-Playoff","401265785",22,26,26,16,0,18,29,14,23,0,"38","83",0.458,"5","23",0.217,"9","19",0.474,"54","13","41","23","12","6","24","24","11","52","28","0","0","18","26","80",0.325,"10","39",0.256,"22","25",0.88,"41","10","31","17","12","3","22","19","11","30","18","0","0","7","DET","-1.5",NA,"0",NA,NA,"NY","new-york-knicks","Atlantic","Knicks","DET","detroit-pistons","Central","Pistons"
2020-12-11,"Chicago","Houston","L","104","125",1,0,0,2021,"Pre-Season","Non-Playoff","401265786",26,22,24,32,0,37,31,34,23,0,"33","80",0.413,"11","34",0.324,"27","37",0.73,"56","14","42","20","3","5","21","35","7","30","19","0","0","0","43","99",0.434,"24","52",0.462,"15","21",0.714,"47","10","37","25","11","9","6","3","2","32","28","0","0","32","CHI","-4","220","0",NA,NA,"CHI","chicago-bulls","Central","Bulls","HOU","houston-rockets","Southwest","Rockets"
2020-12-11,"Houston","Chicago","W","125","104",0,0,0,2021,"Pre-Season","Non-Playoff","401265786",37,31,34,23,0,26,22,24,32,0,"43","99",0.434,"24","52",0.462,"15","21",0.714,"47","10","37","25","11","9","6","3","2","32","28","0","0","32","33","80",0.413,"11","34",0.324,"27","37",0.73,"56","14","42","20","3","5","21","35","7","30","19","0","0","0","CHI","-4","220","0",NA,NA,"HOU","houston-rockets","Southwest","Rockets","CHI","chicago-bulls","Central","Bulls"
2020-12-11,"LA","Los Angeles","L","81","87",0,0,0,2021,"Pre-Season","Non-Playoff","401265787",22,24,15,20,0,25,18,16,28,0,"30","84",0.357,"10","36",0.278,"11","17",0.647,"55","11","44","15","7","10","27","31","13","28","26","1","0","8","30","84",0.357,"7","22",0.318,"20","25",0.8,"46","7","39","15","12","1","18","20","8","34","14","1","0","6","LAC","-7","220","0",NA,NA,"LAC","la-clippers","Pacific","Clippers","LAL","los-angeles-lakers","Pacific","Lakers"
2020-12-11,"Los Angeles","LA","W","87","81",1,0,0,2021,"Pre-Season","Non-Playoff","401265787",25,18,16,28,0,22,24,15,20,0,"0",NA,0,"0",NA,0,"0",NA,0,"0","0","30-84","35.7","7-22","31.8","20-25","80.0","46","7","39","15","12","1","18",NA,0.2,"8",NA,0.34,"14",NA,0.01,"0","6","30-84","35.7","10-36","27.8","11-17","64.7","55","11","44","15","7","10","LAC","-7","220","0","26","1","0","8","Pacific","Lakers","LAC","la-clippers","Pacific","Clippers"
2020-12-11,"Portland","Sacramento","W","127","102",1,0,0,2021,"Pre-Season","Non-Playoff","401265788",41,31,24,31,0,36,26,19,21,0,"47","92",0.511,"17","34",0.5,"16","22",0.727,"55","8","47","22","8","9","20","22","20","38","21","1","0","25","35","95",0.368,"16","50",0.32,"16","22",0.727,"44","11","33","24","12","5","18","24","14","36","24","1","0","3","POR","-5.5","228","1",NA,NA,"POR","portland-trail-blazers","Northwest","Trail Blazers","SAC","sacramento-kings","Pacific","Kings"
2020-12-11,"Sacramento","Portland","L","102","127",0,0,0,2021,"Pre-Season","Non-Playoff","401265788",36,26,19,21,0,41,31,24,31,0,"35","95",0.368,"16","50",0.32,"16","22",0.727,"44","11","33","24","12","5","18","24","14","36","24","1","0","3","47","92",0.511,"17","34",0.5,"16","22",0.727,"55","8","47","22","8","9","20","22","20","38","21","1","0","25","POR","-5.5","228","1",NA,NA,"SAC","sacramento-kings","Pacific","Kings","POR","portland-trail-blazers","Northwest","Trail Blazers"
2020-12-12,"Charlotte","Toronto","L","100","111",1,0,0,2021,"Pre-Season","Non-Playoff","401265789",32,19,25,24,0,23,35,29,24,0,"32","81",0.395,"10","29",0.345,"26","41",0.634,"54","8","46","24","7","3","23","28","19","40","20","0","0","19","37","90",0.411,"19","52",0.365,"18","28",0.643,"46","4","42","27","16","8","17","15","23","36","31","1","0","27","TOR","-5","220","1",NA,NA,"CHA","charlotte-hornets","Southeast","Hornets","TOR","toronto-raptors","Atlantic","Raptors"
2020-12-12,"Toronto","Charlotte","W","111","100",0,0,0,2021,"Pre-Season","Non-Playoff","401265789",23,35,29,24,0,32,19,25,24,0,"37","90",0.411,"19","52",0.365,"18","28",0.643,"46","4","42","27","16","8","17","15","23","36","31","1","0","27","32","81",0.395,"10","29",0.345,"26","41",0.634,"54","8","46","24","7","3","23","28","19","40","20","0","0","19","TOR","-5","220","1",NA,NA,"TOR","toronto-raptors","Atlantic","Raptors","CHA","charlotte-hornets","Southeast","Hornets"
2020-12-12,"Cleveland","Indiana","W","107","104",1,0,0,2021,"Pre-Season","Non-Playoff","401265790",20,29,16,42,0,22,23,28,31,0,"39","79",0.494,"9","29",0.31,"20","32",0.625,"48","11","37","20","12","1","27","22","12","52","23","1","0","8","34","80",0.425,"15","44",0.341,"21","30",0.7,"38","8","30","26","13","5","24","28","20","38","30","0","0","11","IND","-6","217","0",NA,NA,"CLE","cleveland-cavaliers","Central","Cavaliers","IND","indiana-pacers","Central","Pacers"
2020-12-12,"Indiana","Cleveland","L","104","107",0,0,0,2021,"Pre-Season","Non-Playoff","401265790",22,23,28,31,0,20,29,16,42,0,"34","80",0.425,"15","44",0.341,"21","30",0.7,"38","8","30","26","13","5","24","28","20","38","30","0","0","11","39","79",0.494,"9","29",0.31,"20","32",0.625,"48","11","37","20","12","1","27","22","12","52","23","1","0","8","IND","-6","217","0",NA,NA,"IND","indiana-pacers","Central","Pacers","CLE","cleveland-cavaliers","Central","Cavaliers"
2020-12-12,"Oklahoma City","San Antonio","W","121","108",0,0,0,2021,"Pre-Season","Non-Playoff","401265791",33,40,25,23,0,32,26,32,18,0,"43","88",0.489,"17","31",0.548,"18","20",0.9,"58","8","50","21","6","3","23","29","10","40","20","0","0","20","38","101",0.376,"15","38",0.395,"17","25",0.68,"45","11","34","23","11","6","10","10","9","30","23","0","0","6","SA","-6","221","0",NA,NA,"OKC","oklahoma-city-thunder","Northwest","Thunder","SA","san-antonio-spurs","Southwest","Spurs"
2020-12-12,"San Antonio","Oklahoma City","L","108","121",1,0,0,2021,"Pre-Season","Non-Playoff","401265791",32,26,32,18,0,33,40,25,23,0,"0",NA,0,"0",NA,0,"0",NA,0,"0","0","38-101","37.6","15-38","39.5","17-25","68.0","45","11","34","23","11","6","10",NA,0.1,"9",NA,0.3,"23",NA,0,"0","6","43-88","48.9","17-31","54.8","18-20","90.0","58","8","50","21","6","3","SA","-6","221","1","20","0","0","20","Southwest","Spurs","OKC","oklahoma-city-thunder","Northwest","Thunder"
2020-12-12,"Dallas","Milwaukee","W","112","102",0,0,0,2021,"Pre-Season","Non-Playoff","401265792",19,34,38,21,0,21,38,15,28,0,"41","99",0.414,"17","43",0.395,"13","15",0.867,"51","9","42","27","8","2","13","12","7","36","19","1","0","20","38","94",0.404,"9","38",0.237,"17","20",0.85,"53","10","43","24","6","5","16","20","27","54","20","1","0","9","MIL","-4.5","227","0",NA,NA,"DAL","dallas-mavericks","Southwest","Mavericks","MIL","milwaukee-bucks","Central","Bucks"
2020-12-12,"Milwaukee","Dallas","L","102","112",1,0,0,2021,"Pre-Season","Non-Playoff","401265792",21,38,15,28,0,19,34,38,21,0,"0",NA,0,"0",NA,0,"0",NA,0,"0","0","38-94","40.4","9-38","23.7","17-20","85.0","53","10","43","24","6","5","16",NA,0.2,"27",NA,0.54,"20",NA,0.01,"0","9","41-99","41.4","17-43","39.5","13-15","86.7","51","9","42","27","8","2","MIL","-4.5","227","1","19","1","0","20","Central","Bucks","DAL","dallas-mavericks","Southwest","Mavericks"
2020-12-12,"Memphis","Minnesota","W","107","105",0,0,0,2021,"Pre-Season","Non-Playoff","401265833",34,26,29,18,0,27,27,23,28,0,"40","94",0.426,"11","40",0.275,"16","23",0.696,"49","12","37","30","7","10","15","8","9","54","23","0","0","13","34","86",0.395,"13","35",0.371,"24","32",0.75,"51","10","41","17","9","8","22","24","6","36","26","0","0","5","MIN","-2","226","0",NA,NA,"MEM","memphis-grizzlies","Southwest","Grizzlies","MIN","minnesota-timberwolves","Northwest","Timberwolves"
2020-12-12,"Minnesota","Memphis","L","105","107",1,0,0,2021,"Pre-Season","Non-Playoff","401265833",27,27,23,28,0,34,26,29,18,0,"0",NA,0,"0",NA,0,"0",NA,0,"0","0","34-86","39.5","13-35","37.1","24-32","75.0","51","10","41","17","9","8","22",NA,0.24,"6",NA,0.36,"26",NA,0,"0","5","40-94","42.6","11-40","27.5","16-23","69.6","49","12","37","30","7","10","MIN","-2","226","1","23","0","0","13","Northwest","Timberwolves","MEM","memphis-grizzlies","Southwest","Grizzlies"
2020-12-12,"Denver","Golden State","L","105","107",0,0,0,2021,"Pre-Season","Non-Playoff","401265834",23,27,27,28,0,31,30,23,23,0,"40","93",0.43,"7","25",0.28,"18","25",0.72,"48","12","36","20","11","3","18","20","6","58","31","0","0","1","35","80",0.438,"11","40",0.275,"26","35",0.743,"39","5","34","25","7","7","17","21","14","36","31","0","0","20","DEN","-3.5","223","0",NA,NA,"DEN","denver-nuggets","Northwest","Nuggets","GS","golden-state-warriors","Pacific","Warriors"
2020-12-12,"Golden State","Denver","W","107","105",1,0,0,2021,"Pre-Season","Non-Playoff","401265834",31,30,23,23,0,23,27,27,28,0,"0",NA,0,"0",NA,0,"0",NA,0,"0","0","35-80","43.8","11-40","27.5","26-35","74.3","39","5","34","25","7","7","17",NA,0.21,"14",NA,0.36,"31",NA,0,"0","20","40-93","43.0","7-25","28.0","18-25","72.0","48","12","36","20","11","3","DEN","-3.5","223","0","31","0","0","1","Pacific","Warriors","DEN","denver-nuggets","Northwest","Nuggets"
2020-12-12,"Phoenix","Utah","L","105","119",0,0,0,2021,"Pre-Season","Non-Playoff","401265835",26,25,32,22,0,33,29,25,32,0,"39","90",0.433,"10","29",0.345,"17","21",0.81,"48","11","37","22","6","2","15","18","2","34","23","0","0","3","41","82",0.5,"17","41",0.415,"20","27",0.741,"45","7","38","21","8","3","17","16","14","42","22","0","0","16","EVEN","No Line","222","1",NA,NA,"PHX","phoenix-suns","Pacific","Suns","UTAH","utah-jazz","Northwest","Jazz"
2020-12-12,"Utah","Phoenix","W","119","105",1,0,0,2021,"Pre-Season","Non-Playoff","401265835",33,29,25,32,0,26,25,32,22,0,"0",NA,0,"0",NA,0,"0",NA,0,"0","0","41-82","50.0","17-41","41.5","20-27","74.1","45","7","38","21","8","3","17",NA,0.16,"14",NA,0.42,"22",NA,0,"0","16","39-90","43.3","10-29","34.5","17-21","81.0","48","11","37","22","6","2","EVEN","No Line","222","0","23","0","0","3","Northwest","Jazz","PHX","phoenix-suns","Pacific","Suns"
2020-12-13,"Atlanta","Orlando","W","116","107",1,0,0,2021,"Pre-Season","Non-Playoff","401265836",36,22,30,28,0,26,26,30,25,0,"38","89",0.427,"17","43",0.395,"23","34",0.676,"61","12","49","27","4","1","18","22","0","34","25","0","0","17","41","102",0.402,"11","36",0.306,"14","21",0.667,"52","9","43","23","10","5","10","14","17","42","27","2","0","3","ATL","-3.5","225","1",NA,NA,"ATL","atlanta-hawks","Southeast","Hawks","ORL","orlando-magic","Southeast","Magic"
2020-12-13,"Orlando","Atlanta","L","107","116",0,0,0,2021,"Pre-Season","Non-Playoff","401265836",26,26,30,25,0,36,22,30,28,0,"41","102",0.402,"11","36",0.306,"14","21",0.667,"52","9","43","23","10","5","10","14","17","42","27","2","0","3","38","89",0.427,"17","43",0.395,"23","34",0.676,"61","12","49","27","4","1","18","22","0","34","25","0","0","17","ATL","-3.5","225","1",NA,NA,"ORL","orlando-magic","Southeast","Magic","ATL","atlanta-hawks","Southeast","Hawks"
2020-12-13,"Brooklyn","Washington","W","119","114",1,0,0,2021,"Pre-Season","Non-Playoff","401265837",38,30,22,29,0,20,30,34,30,0,"38","74",0.514,"14","30",0.467,"29","45",0.644,"41","5","36","23","5","6","16","12","27","40","20","0","0","26","42","97",0.433,"14","37",0.378,"16","22",0.727,"47","13","34","26","8","1","16","21","12","40","33","1","0","2","BKN","-7","226","1",NA,NA,"BKN","brooklyn-nets","Atlantic","Nets","WSH","washington-wizards","Southeast","Wizards"
2020-12-13,"Washington","Brooklyn","L","114","119",0,0,0,2021,"Pre-Season","Non-Playoff","401265837",20,30,34,30,0,38,30,22,29,0,"42","97",0.433,"14","37",0.378,"16","22",0.727,"47","13","34","26","8","1","16","21","12","40","33","1","0","2","38","74",0.514,"14","30",0.467,"29","45",0.644,"41","5","36","23","5","6","16","12","27","40","20","0","0","26","BKN","-7","226","1",NA,NA,"WSH","washington-wizards","Southeast","Wizards","BKN","brooklyn-nets","Atlantic","Nets"
2020-12-13,"Detroit","New York","W","99","91",1,0,0,2021,"Pre-Season","Non-Playoff","401265838",31,21,23,24,0,20,22,33,16,0,"32","76",0.421,"12","35",0.343,"23","34",0.676,"42","7","35","23","10","3","19","18","6","38","27","2","0","15","33","84",0.393,"8","33",0.242,"17","26",0.654,"48","13","35","19","6","1","22","23","8","42","28","1","1","4","DET","-2","211","1",NA,NA,"DET","detroit-pistons","Central","Pistons","NY","new-york-knicks","Atlantic","Knicks"
2020-12-13,"New York","Detroit","L","91","99",0,0,0,2021,"Pre-Season","Non-Playoff","401265838",20,22,33,16,0,31,21,23,24,0,"33","84",0.393,"8","33",0.242,"17","26",0.654,"48","13","35","19","6","1","22","23","8","42","28","1","1","4","32","76",0.421,"12","35",0.343,"23","34",0.676,"42","7","35","23","10","3","19","18","6","38","27","2","0","15","DET","-2","211","1",NA,NA,"NY","new-york-knicks","Atlantic","Knicks","DET","detroit-pistons","Central","Pistons"
2020-12-13,"Chicago","Houston","W","104","91",1,0,0,2021,"Pre-Season","Non-Playoff","401265839",30,23,20,31,0,31,25,23,12,0,"37","94",0.394,"14","40",0.35,"16","23",0.696,"57","15","42","26","8","5","18","12","7","36","17","1","0","17","30","87",0.345,"12","47",0.255,"19","22",0.864,"47","9","38","15","9","7","19","25","9","30","23","0","0","10","HOU","-2","220","0",NA,NA,"CHI","chicago-bulls","Central","Bulls","HOU","houston-rockets","Southwest","Rockets"
2020-12-13,"Houston","Chicago","L","91","104",0,0,0,2021,"Pre-Season","Non-Playoff","401265839",31,25,23,12,0,30,23,20,31,0,"30","87",0.345,"12","47",0.255,"19","22",0.864,"47","9","38","15","9","7","19","25","9","30","23","0","0","10","37","94",0.394,"14","40",0.35,"16","23",0.696,"57","15","42","26","8","5","18","12","7","36","17","1","0","17","HOU","-2","220","0",NA,NA,"HOU","houston-rockets","Southwest","Rockets","CHI","chicago-bulls","Central","Bulls"
2020-12-13,"Portland","Sacramento","L","106","121",1,0,0,2021,"Pre-Season","Non-Playoff","401265840",21,30,33,22,0,30,28,29,34,0,"36","90",0.4,"12","30",0.4,"22","27",0.815,"42","11","31","19","11","5","11","15","14","38","29","0","0","6","38","88",0.432,"14","49",0.286,"31","40",0.775,"50","10","40","27","7","2","14","18","27","44","22","1","0","20","POR","-6","227","0",NA,NA,"POR","portland-trail-blazers","Northwest","Trail Blazers","SAC","sacramento-kings","Pacific","Kings"
2020-12-13,"Sacramento","Portland","W","121","106",0,0,0,2021,"Pre-Season","Non-Playoff","401265840",30,28,29,34,0,21,30,33,22,0,"38","88",0.432,"14","49",0.286,"31","40",0.775,"50","10","40","27","7","2","14","18","27","44","22","1","0","20","36","90",0.4,"12","30",0.4,"22","27",0.815,"42","11","31","19","11","5","11","15","14","38","29","0","0","6","POR","-6","227","0",NA,NA,"SAC","sacramento-kings","Pacific","Kings","POR","portland-trail-blazers","Northwest","Trail Blazers"
2020-12-13,"LA","Los Angeles","L","106","131",0,0,0,2021,"Pre-Season","Non-Playoff","401265841",29,34,23,20,0,39,31,33,28,0,"39","84",0.464,"11","35",0.314,"17","24",0.708,"34","7","27","27","4","4","11","16","12","46","24","0","0","0","46","81",0.568,"18","25",0.72,"21","31",0.677,"45","9","36","28","10","3","13","8","19","42","25","0","0","28","LAC","-5","212","0",NA,NA,"LAC","la-clippers","Pacific","Clippers","LAL","los-angeles-lakers","Pacific","Lakers"
2020-12-13,"Los Angeles","LA","W","131","106",1,0,0,2021,"Pre-Season","Non-Playoff","401265841",39,31,33,28,0,29,34,23,20,0,"0",NA,0,"0",NA,0,"0",NA,0,"0","0","46-81","56.8","18-25","72.0","21-31","67.7","45","9","36","28","10","3","13",NA,0.08,"19",NA,0.42,"25",NA,0,"0","28","39-84","46.4","11-35","31.4","17-24","70.8","34","7","27","27","4","4","LAC","-5","212","0","24","0","0","0","Pacific","Lakers","LAC","la-clippers","Pacific","Clippers"
2020-12-14,"Cleveland","Indiana","W","116","106",1,0,0,2021,"Pre-Season","Non-Playoff","401265842",32,23,26,35,0,35,20,24,27,0,"37","72",0.514,"12","32",0.375,"30","37",0.811,"52","10","42","24","8","5","24","33","10","44","25","1","0","10","41","91",0.451,"17","40",0.425,"7","13",0.538,"33","6","27","26","9","2","13","16","12","46","30","3","0","20","IND","-6","216","0",NA,NA,"CLE","cleveland-cavaliers","Central","Cavaliers","IND","indiana-pacers","Central","Pacers"
2020-12-14,"Indiana","Cleveland","L","106","116",0,0,0,2021,"Pre-Season","Non-Playoff","401265842",35,20,24,27,0,32,23,26,35,0,"41","91",0.451,"17","40",0.425,"7","13",0.538,"33","6","27","26","9","2","13","16","12","46","30","3","0","20","37","72",0.514,"12","32",0.375,"30","37",0.811,"52","10","42","24","8","5","24","33","10","44","25","1","0","10","IND","-6","216","0",NA,NA,"IND","indiana-pacers","Central","Pacers","CLE","cleveland-cavaliers","Central","Cavaliers"
2020-12-14,"Charlotte","Toronto","L","109","112",1,0,0,2021,"Pre-Season","Non-Playoff","401265843",30,30,27,22,0,22,35,28,27,0,"37","81",0.457,"12","36",0.333,"23","32",0.719,"38","8","30","33","6","6","25","36","11","40","26","0","0","14","40","84",0.476,"15","44",0.341,"17","23",0.739,"37","7","30","23","13","3","24","32","10","42","31","1","0","13","TOR","-5","217","1",NA,NA,"CHA","charlotte-hornets","Southeast","Hornets","TOR","toronto-raptors","Atlantic","Raptors"
2020-12-14,"Toronto","Charlotte","W","112","109",0,0,0,2021,"Pre-Season","Non-Playoff","401265843",22,35,28,27,0,30,30,27,22,0,"40","84",0.476,"15","44",0.341,"17","23",0.739,"37","7","30","23","13","3","24","32","10","42","31","1","0","13","37","81",0.457,"12","36",0.333,"23","32",0.719,"38","8","30","33","6","6","25","36","11","40","26","0","0","14","TOR","-5","217","1",NA,NA,"TOR","toronto-raptors","Atlantic","Raptors","CHA","charlotte-hornets","Southeast","Hornets"
2020-12-14,"Miami","New Orleans","L","92","114",1,0,0,2021,"Pre-Season","Non-Playoff","401265844",30,23,19,20,0,32,28,25,29,0,"35","82",0.427,"13","46",0.283,"9","11",0.818,"35","7","28","26","5","4","14","19","7","38","26","0","0","6","38","85",0.447,"12","38",0.316,"26","31",0.839,"51","15","36","20","9","3","11","10","13","40","13","1","0","22","MIA","-4.5","219","0",NA,NA,"MIA","miami-heat","Southeast","Heat","NO","new-orleans-pelicans","Southwest","Pelicans"
2020-12-14,"New Orleans","Miami","W","114","92",0,0,0,2021,"Pre-Season","Non-Playoff","401265844",32,28,25,29,0,30,23,19,20,0,"38","85",0.447,"12","38",0.316,"26","31",0.839,"51","15","36","20","9","3","11","10","13","40","13","1","0","22","35","82",0.427,"13","46",0.283,"9","11",0.818,"35","7","28","26","5","4","14","19","7","38","26","0","0","6","MIA","-4.5","219","0",NA,NA,"NO","new-orleans-pelicans","Southwest","Pelicans","MIA","miami-heat","Southeast","Heat"
2020-12-14,"Dallas","Milwaukee","W","128","112",0,0,0,2021,"Pre-Season","Non-Playoff","401265845",32,27,36,33,0,28,41,24,19,0,"44","95",0.463,"22","46",0.478,"18","26",0.692,"49","12","37","22","4","2","9","9","2","42","18","2","0","18","43","86",0.5,"12","33",0.364,"14","23",0.609,"42","6","36","29","6","9","13","19","7","50","28","0","0","12","MIL","-4.5","226","0",NA,NA,"DAL","dallas-mavericks","Southwest","Mavericks","MIL","milwaukee-bucks","Central","Bucks"
2020-12-14,"Milwaukee","Dallas","L","112","128",1,0,0,2021,"Pre-Season","Non-Playoff","401265845",28,41,24,19,0,32,27,36,33,0,"0",NA,0,"0",NA,0,"0",NA,0,"0","0","43-86","50.0","12-33","36.4","14-23","60.9","42","6","36","29","6","9","13",NA,0.19,"7",NA,0.5,"28",NA,0,"0","12","44-95","46.3","22-46","47.8","18-26","69.2","49","12","37","22","4","2","MIL","-4.5","226","1","18","2","0","18","Central","Bucks","DAL","dallas-mavericks","Southwest","Mavericks"
2020-12-14,"Memphis","Minnesota","W","123","104",0,0,0,2021,"Pre-Season","Non-Playoff","401265846",36,28,32,27,0,22,28,22,32,0,"46","92",0.5,"11","33",0.333,"20","31",0.645,"51","6","45","29","18","5","21","24","19","62","23","0","0","26","35","87",0.402,"11","40",0.275,"23","32",0.719,"47","7","40","20","12","4","26","24","9","36","26","0","0","0","MIN","-1","224","0",NA,NA,"MEM","memphis-grizzlies","Southwest","Grizzlies","MIN","minnesota-timberwolves","Northwest","Timberwolves"
2020-12-14,"Minnesota","Memphis","L","104","123",1,0,0,2021,"Pre-Season","Non-Playoff","401265846",22,28,22,32,0,36,28,32,27,0,"0",NA,0,"0",NA,0,"0",NA,0,"0","0","35-87","40.2","11-40","27.5","23-32","71.9","47","7","40","20","12","4","26",NA,0.24,"9",NA,0.36,"26",NA,0,"0","0","46-92","50.0","11-33","33.3","20-31","64.5","51","6","45","29","18","5","MIN","-1","224","1","23","0","0","26","Northwest","Timberwolves","MEM","memphis-grizzlies","Southwest","Grizzlies"
2020-12-14,"Phoenix","Utah","L","92","111",0,0,0,2021,"Pre-Season","Non-Playoff","401265847",15,33,22,22,0,19,30,38,24,0,"37","88",0.42,"8","28",0.286,"10","15",0.667,"37","2","35","16","10","3","15","18","21","36","31","2","0","7","32","75",0.427,"12","39",0.308,"35","41",0.854,"54","9","45","18","6","2","19","21","12","36","20","1","1","26","PHX","-1.5","222","0",NA,NA,"PHX","phoenix-suns","Pacific","Suns","UTAH","utah-jazz","Northwest","Jazz"
2020-12-14,"Utah","Phoenix","W","111","92",1,0,0,2021,"Pre-Season","Non-Playoff","401265847",19,30,38,24,0,15,33,22,22,0,"0",NA,0,"0",NA,0,"0",NA,0,"0","0","32-75","42.7","12-39","30.8","35-41","85.4","54","9","45","18","6","2","19",NA,0.21,"12",NA,0.36,"20",NA,0.01,"1","26","37-88","42.0","8-28","28.6","10-15","66.7","37","2","35","16","10","3","PHX","-1.5","222","0","31","2","0","7","Northwest","Jazz","PHX","phoenix-suns","Pacific","Suns"
2020-12-15,"Boston","Philadelphia","L","99","108",0,0,0,2021,"Pre-Season","Non-Playoff","401265848",19,25,28,27,0,29,21,32,26,0,"36","83",0.434,"11","39",0.282,"16","22",0.727,"42","12","30","19","7","7","20","21","14","40","26","1","0","6","40","85",0.471,"7","29",0.241,"21","28",0.75,"42","10","32","23","11","3","16","24","11","42","24","0","0","17","PHI","-5.5","217","1",NA,NA,"BOS","boston-celtics","Atlantic","Celtics","PHI","philadelphia-76ers","Atlantic","76ers"
2020-12-15,"Philadelphia","Boston","W","108","99",1,0,0,2021,"Pre-Season","Non-Playoff","401265848",29,21,32,26,0,19,25,28,27,0,"0",NA,0,"0",NA,0,"0",NA,0,"0","0","40-85","47.1","7-29","24.1","21-28","75.0","42","10","32","23","11","3","16",NA,0.24,"11",NA,0.42,"24",NA,0,"0","17","36-83","43.4","11-39","28.2","16-22","72.7","42","12","30","19","7","7","PHI","-5.5","217","0","26","1","0","6","Atlantic","76ers","BOS","boston-celtics","Atlantic","Celtics"
2020-12-15,"Houston","San Antonio","W","112","98",1,0,0,2021,"Pre-Season","Non-Playoff","401265849",25,31,21,35,0,31,24,17,26,0,"40","91",0.44,"15","45",0.333,"17","26",0.654,"51","11","40","23","12","8","17","19","19","44","24","1","0","16","36","84",0.429,"10","31",0.323,"16","27",0.593,"43","11","32","23","12","3","20","23","10","42","22","0","0","10","HOU","-4","224","1",NA,NA,"HOU","houston-rockets","Southwest","Rockets","SA","san-antonio-spurs","Southwest","Spurs"
2020-12-15,"San Antonio","Houston","L","98","112",0,0,0,2021,"Pre-Season","Non-Playoff","401265849",31,24,17,26,0,25,31,21,35,0,"36","84",0.429,"10","31",0.323,"16","27",0.593,"43","11","32","23","12","3","20","23","10","42","22","0","0","10","40","91",0.44,"15","45",0.333,"17","26",0.654,"51","11","40","23","12","8","17","19","19","44","24","1","0","16","HOU","-4","224","1",NA,NA,"SA","san-antonio-spurs","Southwest","Spurs","HOU","houston-rockets","Southwest","Rockets"
2020-12-15,"Golden State","Sacramento","L","113","114",0,0,0,2021,"Pre-Season","Non-Playoff","401265850",27,20,34,32,0,25,37,26,26,0,"41","96",0.427,"13","43",0.302,"18","29",0.621,"53","10","43","28","13","8","16","22","17","50","21","1","0","9","42","90",0.467,"15","42",0.357,"15","26",0.577,"49","8","41","23","9","11","23","24","7","48","21","0","0","19","SAC","-2.5","228","1",NA,NA,"GS","golden-state-warriors","Pacific","Warriors","SAC","sacramento-kings","Pacific","Kings"
2020-12-15,"Sacramento","Golden State","W","114","113",1,0,0,2021,"Pre-Season","Non-Playoff","401265850",25,37,26,26,0,27,20,34,32,0,"0",NA,0,"0",NA,0,"0",NA,0,"0","0","42-90","46.7","15-42","35.7","15-26","57.7","49","8","41","23","9","11","23",NA,0.24,"7",NA,0.48,"21",NA,0,"0","19","41-96","42.7","13-43","30.2","18-29","62.1","53","10","43","28","13","8","SAC","-2.5","228","0","21","1","0","9","Pacific","Kings","GS","golden-state-warriors","Pacific","Warriors"
2020-12-16,"Cleveland","New York","L","93","100",0,0,0,2021,"Pre-Season","Non-Playoff","401265851",25,32,23,13,0,24,29,13,34,0,"33","82",0.402,"13","26",0.5,"14","18",0.778,"44","12","32","23","7","6","24","28","9","36","22","0","1","18","38","83",0.458,"8","34",0.235,"16","21",0.762,"38","6","32","28","9","8","15","19","18","54","16","0","0","7","NY","-3.5","212","1",NA,NA,"CLE","cleveland-cavaliers","Central","Cavaliers","NY","new-york-knicks","Atlantic","Knicks"
2020-12-16,"New York","Cleveland","W","100","93",1,0,0,2021,"Pre-Season","Non-Playoff","401265851",24,29,13,34,0,25,32,23,13,0,"0",NA,0,"0",NA,0,"0",NA,0,"0","0","38-83","45.8","8-34","23.5","16-21","76.2","38","6","32","28","9","8","15",NA,0.19,"18",NA,0.54,"16",NA,0,"0","7","33-82","40.2","13-26","50.0","14-18","77.8","44","12","32","23","7","6","NY","-3.5","212","0","22","0","1","18","Atlantic","Knicks","CLE","cleveland-cavaliers","Central","Cavaliers"
2020-12-16,"Chicago","Oklahoma City","W","124","103",0,0,0,2021,"Pre-Season","Non-Playoff","401265852",30,29,35,30,0,26,20,23,34,0,"52","96",0.542,"11","33",0.333,"9","14",0.643,"61","9","52","26","5","7","21","21","15","64","24","1","0","27","37","97",0.381,"12","37",0.324,"17","25",0.68,"46","11","35","22","11","2","17","18","3","42","16","1","0","2","OKC","-1","218","0",NA,NA,"CHI","chicago-bulls","Central","Bulls","OKC","oklahoma-city-thunder","Northwest","Thunder"
2020-12-16,"Oklahoma City","Chicago","L","103","124",1,0,0,2021,"Pre-Season","Non-Playoff","401265852",26,20,23,34,0,30,29,35,30,0,"0",NA,0,"0",NA,0,"0",NA,0,"0","0","37-97","38.1","12-37","32.4","17-25","68.0","46","11","35","22","11","2","17",NA,0.18,"3",NA,0.42,"16",NA,0.01,"0","2","52-96","54.2","11-33","33.3","9-14","64.3","61","9","52","26","5","7","OKC","-1","218","1","24","1","0","27","Northwest","Thunder","CHI","chicago-bulls","Central","Bulls"
2020-12-16,"Denver","Portland","W","126","95",1,0,0,2021,"Pre-Season","Non-Playoff","401265853",41,28,21,36,0,24,26,20,25,0,"45","86",0.523,"19","46",0.413,"17","23",0.739,"55","11","44","39","6","9","23","25","12","46","22","1","0","31","37","98",0.378,"9","34",0.265,"12","16",0.75,"33","10","23","20","13","5","16","19","9","42","22","1","0","2","DEN","-4.5","222","1",NA,NA,"DEN","denver-nuggets","Northwest","Nuggets","POR","portland-trail-blazers","Northwest","Trail Blazers"
2020-12-16,"Portland","Denver","L","95","126",0,0,0,2021,"Pre-Season","Non-Playoff","401265853",24,26,20,25,0,41,28,21,36,0,"37","98",0.378,"9","34",0.265,"12","16",0.75,"33","10","23","20","13","5","16","19","9","42","22","1","0","2","45","86",0.523,"19","46",0.413,"17","23",0.739,"55","11","44","39","6","9","23","25","12","46","22","1","0","31","DEN","-4.5","222","1",NA,NA,"POR","portland-trail-blazers","Northwest","Trail Blazers","DEN","denver-nuggets","Northwest","Nuggets"
2020-12-16,"Los Angeles","Phoenix","W","112","107",0,0,0,2021,"Pre-Season","Non-Playoff","401265854",21,32,16,43,0,25,19,39,24,0,"39","82",0.476,"10","25",0.4,"24","32",0.75,"47","8","39","20","6","3","15","15","10","44","24","1","0","14","35","86",0.407,"13","42",0.31,"24","30",0.8,"45","11","34","26","9","2","17","18","21","36","30","0","0","14","LAL","-4","222","1",NA,NA,"LAL","los-angeles-lakers","Pacific","Lakers","PHX","phoenix-suns","Pacific","Suns"
2020-12-16,"Phoenix","Los Angeles","L","107","112",1,0,0,2021,"Pre-Season","Non-Playoff","401265854",25,19,39,24,0,21,32,16,43,0,"0",NA,0,"0",NA,0,"0",NA,0,"0","0","35-86","40.7","13-42","31.0","24-30","80.0","45","11","34","26","9","2","17",NA,0.18,"21",NA,0.36,"30",NA,0,"0","14","39-82","47.6","10-25","40.0","24-32","75.0","47","8","39","20","6","3","LAL","-4","222","1","24","1","0","14","Pacific","Suns","LAL","los-angeles-lakers","Pacific","Lakers"
2020-12-17,"Charlotte","Orlando","W","123","115",0,0,0,2021,"Pre-Season","Non-Playoff","401265855",32,36,31,24,0,18,40,30,27,0,"48","101",0.475,"18","41",0.439,"9","10",0.9,"43","10","33","32","9","2","11","17","14","56","19","0","0","17","46","97",0.474,"12","37",0.324,"11","12",0.917,"53","13","40","26","8","6","19","22","12","50","16","1","0","0","ORL","-4.5","221","0",NA,NA,"CHA","charlotte-hornets","Southeast","Hornets","ORL","orlando-magic","Southeast","Magic"
2020-12-17,"Orlando","Charlotte","L","115","123",1,0,0,2021,"Pre-Season","Non-Playoff","401265855",18,40,30,27,0,32,36,31,24,0,"0",NA,0,"0",NA,0,"0",NA,0,"0","0","46-97","47.4","12-37","32.4","11-12","91.7","53","13","40","26","8","6","19",NA,0.22,"12",NA,0.5,"16",NA,0.01,"0","0","48-101","47.5","18-41","43.9","9-10","90.0","43","10","33","32","9","2","ORL","-4.5","221","1","19","0","0","17","Southeast","Magic","CHA","charlotte-hornets","Southeast","Hornets"
2020-12-17,"Detroit","Washington","W","97","86",0,0,0,2021,"Pre-Season","Non-Playoff","401265856",33,25,20,19,0,23,12,25,26,0,"39","79",0.494,"12","30",0.4,"7","12",0.583,"42","4","38","20","13","2","24","25","8","40","21","1","1","26","31","78",0.397,"9","34",0.265,"15","22",0.682,"42","8","34","18","14","5","24","23","2","34","15","2","0","2","WSH","-5.5","217","0",NA,NA,"DET","detroit-pistons","Central","Pistons","WSH","washington-wizards","Southeast","Wizards"
2020-12-17,"Washington","Detroit","L","86","97",1,0,0,2021,"Pre-Season","Non-Playoff","401265856",23,12,25,26,0,33,25,20,19,0,"0",NA,0,"0",NA,0,"0",NA,0,"0","0","31-78","39.7","9-34","26.5","15-22","68.2","42","8","34","18","14","5","24",NA,0.23,"2",NA,0.34,"15",NA,0.02,"0","2","39-79","49.4","12-30","40.0","7-12","58.3","42","4","38","20","13","2","WSH","-5.5","217","1","21","1","1","26","Southeast","Wizards","DET","detroit-pistons","Central","Pistons"
2020-12-17,"Houston","San Antonio","W","128","106",1,0,0,2021,"Pre-Season","Non-Playoff","401265857",33,27,38,30,0,20,25,23,38,0,"49","93",0.527,"17","43",0.395,"13","14",0.929,"42","5","37","26","9","3","11","8","10","58","22","0","0","34","36","88",0.409,"7","33",0.212,"27","32",0.844,"41","9","32","17","8","4","13","17","8","42","16","0","0","2","HOU","-4.5","221","1",NA,NA,"HOU","houston-rockets","Southwest","Rockets","SA","san-antonio-spurs","Southwest","Spurs"
2020-12-17,"San Antonio","Houston","L","106","128",0,0,0,2021,"Pre-Season","Non-Playoff","401265857",20,25,23,38,0,33,27,38,30,0,"36","88",0.409,"7","33",0.212,"27","32",0.844,"41","9","32","17","8","4","13","17","8","42","16","0","0","2","49","93",0.527,"17","43",0.395,"13","14",0.929,"42","5","37","26","9","3","11","8","10","58","22","0","0","34","HOU","-4.5","221","1",NA,NA,"SA","san-antonio-spurs","Southwest","Spurs","HOU","houston-rockets","Southwest","Rockets"
2020-12-17,"Atlanta","Memphis","L","106","128",0,0,0,2021,"Pre-Season","Non-Playoff","401265858",34,32,17,23,0,32,36,31,29,0,"37","97",0.381,"13","45",0.289,"19","22",0.864,"46","8","38","25","9","7","12","14","25","42","18","1","0","8","46","97",0.474,"19","50",0.38,"17","22",0.773,"58","11","47","33","7","4","16","15","20","48","22","1","0","29","MEM","-2","228","1",NA,NA,"ATL","atlanta-hawks","Southeast","Hawks","MEM","memphis-grizzlies","Southwest","Grizzlies"
2020-12-17,"Memphis","Atlanta","W","128","106",1,0,0,2021,"Pre-Season","Non-Playoff","401265858",32,36,31,29,0,34,32,17,23,0,"0",NA,0,"0",NA,0,"0",NA,0,"0","0","46-97","47.4","19-50","38.0","17-22","77.3","58","11","47","33","7","4","16",NA,0.15,"20",NA,0.48,"22",NA,0.01,"0","29","37-97","38.1","13-45","28.9","19-22","86.4","46","8","38","25","9","7","MEM","-2","228","0","18","1","0","8","Southwest","Grizzlies","ATL","atlanta-hawks","Southeast","Hawks"
2020-12-17,"Dallas","Minnesota","L","127","129",1,0,1,2021,"Pre-Season","Non-Playoff","401265859",33,35,30,16,13,37,24,22,31,15,"42","99",0.424,"20","44",0.455,"23","25",0.92,"45","8","37","28","1","8","15","12","18","40","25","1","0","18","46","98",0.469,"14","36",0.389,"23","29",0.793,"55","12","43","27","7","10","15","19","25","58","30","1","0","7","DAL","-6.5","227","0",NA,NA,"DAL","dallas-mavericks","Southwest","Mavericks","MIN","minnesota-timberwolves","Northwest","Timberwolves"
2020-12-17,"Minnesota","Dallas","W","129","127",0,0,1,2021,"Pre-Season","Non-Playoff","401265859",37,24,22,31,15,33,35,30,16,13,"46","98",0.469,"14","36",0.389,"23","29",0.793,"55","12","43","27","7","10","15","19","25","58","30","1","0","7","42","99",0.424,"20","44",0.455,"23","25",0.92,"45","8","37","28","1","8","15","12","18","40","25","1","0","18","DAL","-6.5","227","0",NA,NA,"MIN","minnesota-timberwolves","Northwest","Timberwolves","DAL","dallas-mavericks","Southwest","Mavericks"
2020-12-17,"LA","Utah","L","105","125",1,0,0,2021,"Pre-Season","Non-Playoff","401265860",29,19,30,27,0,28,30,32,35,0,"35","76",0.461,"15","30",0.5,"20","23",0.87,"37","5","32","23","5","2","18","21","9","26","23","1","0","6","45","91",0.495,"24","52",0.462,"11","15",0.733,"40","7","33","38","6","3","11","6","10","36","21","0","0","21","LAC","-5","219","0",NA,NA,"LAC","la-clippers","Pacific","Clippers","UTAH","utah-jazz","Northwest","Jazz"
2020-12-17,"Utah","LA","W","125","105",0,0,0,2021,"Pre-Season","Non-Playoff","401265860",28,30,32,35,0,29,19,30,27,0,"45","91",0.495,"24","52",0.462,"11","15",0.733,"40","7","33","38","6","3","11","6","10","36","21","0","0","21","35","76",0.461,"15","30",0.5,"20","23",0.87,"37","5","32","23","5","2","18","21","9","26","23","1","0","6","LAC","-5","219","0",NA,NA,"UTAH","utah-jazz","Northwest","Jazz","LAC","la-clippers","Pacific","Clippers"
2020-12-17,"Golden State","Sacramento","W","113","105",0,0,0,2021,"Pre-Season","Non-Playoff","401265861",29,36,27,21,0,29,33,19,24,0,"39","92",0.424,"20","43",0.465,"15","18",0.833,"54","9","45","20","10","8","18","15","16","28","29","0","0","17","35","94",0.372,"7","30",0.233,"28","37",0.757,"51","9","42","22","9","7","16","21","5","48","19","1","0","6","SAC","-1.5","227","0",NA,NA,"GS","golden-state-warriors","Pacific","Warriors","SAC","sacramento-kings","Pacific","Kings"
2020-12-17,"Sacramento","Golden State","L","105","113",1,0,0,2021,"Pre-Season","Non-Playoff","401265861",29,33,19,24,0,29,36,27,21,0,"0",NA,0,"0",NA,0,"0",NA,0,"0","0","35-94","37.2","7-30","23.3","28-37","75.7","51","9","42","22","9","7","16",NA,0.21,"5",NA,0.48,"19",NA,0.01,"0","6","39-92","42.4","20-43","46.5","15-18","83.3","54","9","45","20","10","8","SAC","-1.5","227","1","29","0","0","17","Pacific","Kings","GS","golden-state-warriors","Pacific","Warriors"
2020-12-18,"Indiana","Philadelphia","L","107","113",1,0,0,2021,"Pre-Season","Non-Playoff","401265862",28,31,24,24,0,28,23,33,29,0,"39","105",0.371,"11","42",0.262,"18","26",0.692,"45","20","25","19","10","1","14","14","8","54","29","0","0","17","40","75",0.533,"11","31",0.355,"22","35",0.629,"48","9","39","23","4","7","27","35","14","48","31","2","0","13","PHI","-1.5","219","1",NA,NA,"IND","indiana-pacers","Central","Pacers","PHI","philadelphia-76ers","Atlantic","76ers"
2020-12-18,"Philadelphia","Indiana","W","113","107",0,0,0,2021,"Pre-Season","Non-Playoff","401265862",28,23,33,29,0,28,31,24,24,0,"40","75",0.533,"11","31",0.355,"22","35",0.629,"48","9","39","23","4","7","27","35","14","48","31","2","0","13","39","105",0.371,"11","42",0.262,"18","26",0.692,"45","20","25","19","10","1","14","14","8","54","29","0","0","17","PHI","-1.5","219","1",NA,NA,"PHI","philadelphia-76ers","Atlantic","76ers","IND","indiana-pacers","Central","Pacers"
2020-12-18,"Miami","Toronto","W","117","105",0,0,0,2021,"Pre-Season","Non-Playoff","401265863",23,35,33,26,0,24,32,27,22,0,"39","73",0.534,"19","37",0.514,"20","27",0.741,"51","4","47","30","7","2","26","34","7","36","26","0","0","24","35","92",0.38,"21","59",0.356,"14","19",0.737,"37","8","29","27","13","2","16","21","16","24","27","0","0","6","TOR","-2.5","219","0",NA,NA,"MIA","miami-heat","Southeast","Heat","TOR","toronto-raptors","Atlantic","Raptors"
2020-12-18,"Toronto","Miami","L","105","117",1,0,0,2021,"Pre-Season","Non-Playoff","401265863",24,32,27,22,0,23,35,33,26,0,"0",NA,0,"0",NA,0,"0",NA,0,"0","0","35-92","38.0","21-59","35.6","14-19","73.7","37","8","29","27","13","2","16",NA,0.21,"16",NA,0.24,"27",NA,0,"0","6","39-73","53.4","19-37","51.4","20-27","74.1","51","4","47","30","7","2","TOR","-2.5","219","1","26","0","0","24","Atlantic","Raptors","MIA","miami-heat","Southeast","Heat"
2020-12-18,"Brooklyn","Boston","W","113","89",0,0,0,2021,"Pre-Season","Non-Playoff","401265864",35,27,30,21,0,23,21,16,29,0,"38","88",0.432,"16","35",0.457,"21","27",0.778,"53","8","45","26","13","10","20","19","20","28","19","0","0","36","32","92",0.348,"8","45",0.178,"17","21",0.81,"48","11","37","18","13","5","22","27","4","34","23","0","0","4","BKN","-2.5","226","1",NA,NA,"BKN","brooklyn-nets","Atlantic","Nets","BOS","boston-celtics","Atlantic","Celtics"
2020-12-18,"Boston","Brooklyn","L","89","113",1,0,0,2021,"Pre-Season","Non-Playoff","401265864",23,21,16,29,0,35,27,30,21,0,"0",NA,0,"0",NA,0,"0",NA,0,"0","0","32-92","34.8","8-45","17.8","17-21","81.0","48","11","37","18","13","5","22",NA,0.27,"4",NA,0.34,"23",NA,0,"0","4","38-88","43.2","16-35","45.7","21-27","77.8","53","8","45","26","13","10","BKN","-2.5","226","1","19","0","0","36","Atlantic","Celtics","BKN","brooklyn-nets","Atlantic","Nets"
2020-12-18,"Cleveland","New York","L","83","119",0,0,0,2021,"Pre-Season","Non-Playoff","401265865",18,17,22,26,0,41,31,31,16,0,"30","76",0.395,"12","31",0.387,"11","18",0.611,"35","6","29","20","5","5","21","31","6","30","31","0","0","1","39","76",0.513,"15","29",0.517,"26","33",0.788,"41","7","34","27","15","8","13","15","12","44","20","0","0","49","NY","-2.5","212","1",NA,NA,"CLE","cleveland-cavaliers","Central","Cavaliers","NY","new-york-knicks","Atlantic","Knicks"
2020-12-18,"New York","Cleveland","W","119","83",1,0,0,2021,"Pre-Season","Non-Playoff","401265865",41,31,31,16,0,18,17,22,26,0,"0",NA,0,"0",NA,0,"0",NA,0,"0","0","39-76","51.3","15-29","51.7","26-33","78.8","41","7","34","27","15","8","13",NA,0.15,"12",NA,0.44,"20",NA,0,"0","49","30-76","39.5","12-31","38.7","11-18","61.1","35","6","29","20","5","5","NY","-2.5","212","0","31","0","0","1","Atlantic","Knicks","CLE","cleveland-cavaliers","Central","Cavaliers"
2020-12-18,"Milwaukee","New Orleans","L","113","127",0,0,0,2021,"Pre-Season","Non-Playoff","401265866",20,37,33,23,0,35,24,39,29,0,"38","90",0.422,"10","40",0.25,"27","30",0.9,"44","12","32","21","4","4","17","22","16","44","32","0","0","7","44","86",0.512,"12","33",0.364,"27","44",0.614,"51","15","36","25","6","6","14","9","12","54","25","1","0","20","NO","-1","230","1",NA,NA,"MIL","milwaukee-bucks","Central","Bucks","NO","new-orleans-pelicans","Southwest","Pelicans"
2020-12-18,"New Orleans","Milwaukee","W","127","113",1,0,0,2021,"Pre-Season","Non-Playoff","401265866",35,24,39,29,0,20,37,33,23,0,"0",NA,0,"0",NA,0,"0",NA,0,"0","0","44-86","51.2","12-33","36.4","27-44","61.4","51","15","36","25","6","6","14",NA,0.09,"12",NA,0.54,"25",NA,0.01,"0","20","38-90","42.2","10-40","25.0","27-30","90.0","44","12","32","21","4","4","NO","-1","230","0","32","0","0","7","Southwest","Pelicans","MIL","milwaukee-bucks","Central","Bucks"
2020-12-18,"Chicago","Oklahoma City","W","105","103",0,0,0,2021,"Pre-Season","Non-Playoff","401265867",27,22,22,34,0,29,35,26,13,0,"42","99",0.424,"11","41",0.268,"10","17",0.588,"56","12","44","27","10","4","14","16","11","54","14","0","0","7","37","90",0.411,"15","38",0.395,"14","19",0.737,"51","9","42","21","7","7","14","20","11","40","16","1","0","22","CHI","-1.5","223","1",NA,NA,"CHI","chicago-bulls","Central","Bulls","OKC","oklahoma-city-thunder","Northwest","Thunder"
2020-12-18,"Oklahoma City","Chicago","L","103","105",1,0,0,2021,"Pre-Season","Non-Playoff","401265867",29,35,26,13,0,27,22,22,34,0,"0",NA,0,"0",NA,0,"0",NA,0,"0","0","37-90","41.1","15-38","39.5","14-19","73.7","51","9","42","21","7","7","14",NA,0.2,"11",NA,0.4,"16",NA,0.01,"0","22","42-99","42.4","11-41","26.8","10-17","58.8","56","12","44","27","10","4","CHI","-1.5","223","1","14","0","0","7","Northwest","Thunder","CHI","chicago-bulls","Central","Bulls"
2020-12-18,"Denver","Portland","W","129","96",1,0,0,2021,"Pre-Season","Non-Playoff","401265868",41,38,28,22,0,23,25,27,21,0,"45","95",0.474,"18","44",0.409,"21","27",0.778,"53","17","36","30","11","8","12","13","15","44","23","1","0","34","33","89",0.371,"10","33",0.303,"20","23",0.87,"42","11","31","17","3","1","16","17","4","38","24","3","0","2","DEN","-6","221","1",NA,NA,"DEN","denver-nuggets","Northwest","Nuggets","POR","portland-trail-blazers","Northwest","Trail Blazers"
2020-12-18,"Portland","Denver","L","96","129",0,0,0,2021,"Pre-Season","Non-Playoff","401265868",23,25,27,21,0,41,38,28,22,0,"33","89",0.371,"10","33",0.303,"20","23",0.87,"42","11","31","17","3","1","16","17","4","38","24","3","0","2","45","95",0.474,"18","44",0.409,"21","27",0.778,"53","17","36","30","11","8","12","13","15","44","23","1","0","34","DEN","-6","221","1",NA,NA,"POR","portland-trail-blazers","Northwest","Trail Blazers","DEN","denver-nuggets","Northwest","Nuggets"
2020-12-18,"Los Angeles","Phoenix","W","114","113",0,0,0,2021,"Pre-Season","Non-Playoff","401265869",21,35,35,23,0,39,30,23,21,0,"41","81",0.506,"16","30",0.533,"16","27",0.593,"33","3","30","25","8","4","17","26","4","42","17","2","0","5","42","88",0.477,"18","44",0.409,"11","13",0.846,"46","9","37","26","12","3","24","24","12","40","29","2","0","21","LAL","-3.5","222","1",NA,NA,"LAL","los-angeles-lakers","Pacific","Lakers","PHX","phoenix-suns","Pacific","Suns"
2020-12-18,"Phoenix","Los Angeles","L","113","114",1,0,0,2021,"Pre-Season","Non-Playoff","401265869",39,30,23,21,0,21,35,35,23,0,"0",NA,0,"0",NA,0,"0",NA,0,"0","0","42-88","47.7","18-44","40.9","11-13","84.6","46","9","37","26","12","3","24",NA,0.24,"12",NA,0.4,"29",NA,0.02,"0","21","41-81","50.6","16-30","53.3","16-27","59.3","33","3","30","25","8","4","LAL","-3.5","222","1","17","2","0","5","Pacific","Suns","LAL","los-angeles-lakers","Pacific","Lakers"
2020-12-19,"Charlotte","Orlando","L","117","120",0,0,0,2021,"Pre-Season","Non-Playoff","401265870",27,22,29,39,0,38,25,31,26,0,"40","90",0.444,"18","41",0.439,"19","22",0.864,"51","11","40","21","8","5","20","25","12","38","23","0","0","7","42","96",0.438,"17","40",0.425,"19","24",0.792,"50","13","37","23","7","3","16","24","19","48","14","1","0","23","ORL","-4.5","223","1",NA,NA,"CHA","charlotte-hornets","Southeast","Hornets","ORL","orlando-magic","Southeast","Magic"
2020-12-19,"Orlando","Charlotte","W","120","117",1,0,0,2021,"Pre-Season","Non-Playoff","401265870",38,25,31,26,0,27,22,29,39,0,"0",NA,0,"0",NA,0,"0",NA,0,"0","0","42-96","43.8","17-40","42.5","19-24","79.2","50","13","37","23","7","3","16",NA,0.24,"19",NA,0.48,"14",NA,0.01,"0","23","40-90","44.4","18-41","43.9","19-22","86.4","51","11","40","21","8","5","ORL","-4.5","223","0","23","0","0","7","Southeast","Magic","CHA","charlotte-hornets","Southeast","Hornets"
2020-12-19,"Detroit","Washington","L","96","99",0,0,0,2021,"Pre-Season","Non-Playoff","401265871",27,22,27,20,0,31,32,20,16,0,"35","88",0.398,"15","46",0.326,"11","17",0.647,"51","8","43","18","12","1","21","25","4","28","19","0","0","4","38","89",0.427,"13","44",0.295,"10","16",0.625,"45","4","41","24","14","4","18","10","10","40","14","0","0","16","WSH","-5","212","1",NA,NA,"DET","detroit-pistons","Central","Pistons","WSH","washington-wizards","Southeast","Wizards"
2020-12-19,"Washington","Detroit","W","99","96",1,0,0,2021,"Pre-Season","Non-Playoff","401265871",31,32,20,16,0,27,22,27,20,0,"0",NA,0,"0",NA,0,"0",NA,0,"0","0","38-89","42.7","13-44","29.5","10-16","62.5","45","4","41","24","14","4","18",NA,0.1,"10",NA,0.4,"14",NA,0,"0","16","35-88","39.8","15-46","32.6","11-17","64.7","51","8","43","18","12","1","WSH","-5","212","0","19","0","0","4","Southeast","Wizards","DET","detroit-pistons","Central","Pistons"
2020-12-19,"Atlanta","Memphis","W","117","116",0,0,0,2021,"Pre-Season","Non-Playoff","401265872",17,34,30,36,0,29,32,30,25,0,"35","83",0.422,"11","37",0.297,"36","43",0.837,"47","8","39","24","8","1","18","25","13","46","28","5","0","4","34","85",0.4,"19","48",0.396,"29","39",0.744,"43","10","33","21","11","8","21","24","27","30","31","2","0","19","MEM","-3","229","0",NA,NA,"ATL","atlanta-hawks","Southeast","Hawks","MEM","memphis-grizzlies","Southwest","Grizzlies"
2020-12-19,"Memphis","Atlanta","L","116","117",1,0,0,2021,"Pre-Season","Non-Playoff","401265872",29,32,30,25,0,17,34,30,36,0,"0",NA,0,"0",NA,0,"0",NA,0,"0","0","34-85","40.0","19-48","39.6","29-39","74.4","43","10","33","21","11","8","21",NA,0.24,"27",NA,0.3,"31",NA,0.02,"0","19","35-83","42.2","11-37","29.7","36-43","83.7","47","8","39","24","8","1","MEM","-3","229","1","28","5","0","4","Southwest","Grizzlies","ATL","atlanta-hawks","Southeast","Hawks"
2020-12-25,"Miami","New Orleans","W","111","98",1,0,0,2021,"Regular-Season","Non-Playoff","401266794",29,37,22,23,0,26,27,26,19,0,"38","75",0.507,"16","37",0.432,"19","23",0.826,"43","4","31","29","11","2","17","11","19","40","25","0","0","23","31","78",0.397,"10","35",0.286,"26","33",0.788,"52","11","30","18","8","2","19","19","6","40","20","0","1","8","MIA","-3","221","1",NA,NA,"MIA","miami-heat","Southeast","Heat","NO","new-orleans-pelicans","Southwest","Pelicans"
2020-12-25,"New Orleans","Miami","L","98","111",0,0,0,2021,"Regular-Season","Non-Playoff","401266794",26,27,26,19,0,29,37,22,23,0,"31","78",0.397,"10","35",0.286,"26","33",0.788,"52","11","30","18","8","2","19","19","6","40","20","0","1","8","38","75",0.507,"16","37",0.432,"19","23",0.826,"43","4","31","29","11","2","17","11","19","40","25","0","0","23","MIA","-3","221","1",NA,NA,"NO","new-orleans-pelicans","Southwest","Pelicans","MIA","miami-heat","Southeast","Heat"
2020-12-25,"Denver","LA","L","108","121",1,0,0,2021,"Regular-Season","Non-Playoff","401266795",26,29,24,29,0,32,40,26,23,0,"37","81",0.457,"11","36",0.306,"23","31",0.742,"42","10","22","25","7","1","13","22","5","50","20","0","0","2","41","74",0.554,"19","38",0.5,"20","24",0.833,"47","9","29","32","9","4","21","19","8","30","32","0","0","24","LAC","-3.5","227","1",NA,NA,"DEN","denver-nuggets","Northwest","Nuggets","LAC","la-clippers","Pacific","Clippers"
2020-12-25,"LA","Denver","W","121","108",0,0,0,2021,"Regular-Season","Non-Playoff","401266795",32,40,26,23,0,26,29,24,29,0,"41","74",0.554,"19","38",0.5,"20","24",0.833,"47","9","29","32","9","4","21","19","8","30","32","0","0","24","37","81",0.457,"11","36",0.306,"23","31",0.742,"42","10","22","25","7","1","13","22","5","50","20","0","0","2","LAC","-3.5","227","1",NA,NA,"LAC","la-clippers","Pacific","Clippers","DEN","denver-nuggets","Northwest","Nuggets"
2020-12-23,"Dallas","Phoenix","L","102","106",0,0,0,2021,"Regular-Season","Non-Playoff","401266796",22,23,26,31,0,23,30,24,29,0,"36","85",0.424,"9","37",0.243,"21","26",0.808,"46","6","33","17","6","0","12","13","20","48","23","0","1","2","38","79",0.481,"11","30",0.367,"19","27",0.704,"57","6","42","21","7","7","19","10","24","38","26","0","0","12","PHX","-1","232","1",NA,NA,"DAL","dallas-mavericks","Southwest","Mavericks","PHX","phoenix-suns","Pacific","Suns"
2020-12-23,"Phoenix","Dallas","W","106","102",1,0,0,2021,"Regular-Season","Non-Playoff","401266796",23,30,24,29,0,22,23,26,31,0,"0",NA,0,"0",NA,0,"0",NA,0,"0","0","38-79","48.1","11-30","36.7","19-27","70.4","57","6","42","21","7","7","19",NA,0.1,"24",NA,0.38,"26",NA,0,"0","12","36-85","42.4","9-37","24.3","21-26","80.8","46","6","33","17","6","0","PHX","-1","232","0","23","0","1","2","Pacific","Suns","DAL","dallas-mavericks","Southwest","Mavericks"
2020-12-25,"Golden State","Milwaukee","L","99","138",0,0,0,2021,"Regular-Season","Non-Playoff","401266797",25,31,20,23,0,33,33,34,38,0,"34","99",0.343,"10","45",0.222,"21","25",0.84,"49","10","33","14","5","6","11","10","10","38","22","0","0","2","50","90",0.556,"20","36",0.556,"18","26",0.692,"68","11","49","25","6","4","18","21","20","50","17","1","0","43","MIL","-10","231","1",NA,NA,"GS","golden-state-warriors","Pacific","Warriors","MIL","milwaukee-bucks","Central","Bucks"
2020-12-25,"Milwaukee","Golden State","W","138","99",1,0,0,2021,"Regular-Season","Non-Playoff","401266797",33,33,34,38,0,25,31,20,23,0,"0",NA,0,"0",NA,0,"0",NA,0,"0","0","50-90","55.6","20-36","55.6","18-26","69.2","68","11","49","25","6","4","18",NA,0.21,"20",NA,0.5,"17",NA,0.01,"0","43","34-99","34.3","10-45","22.2","21-25","84.0","49","10","33","14","5","6","MIL","-10","231","0","22","0","0","2","Central","Bucks","GS","golden-state-warriors","Pacific","Warriors"
2020-12-25,"Brooklyn","Boston","W","123","95",0,0,0,2021,"Regular-Season","Non-Playoff","401266798",26,25,35,37,0,22,32,23,18,0,"41","76",0.539,"15","29",0.517,"26","31",0.839,"49","9","34","21","5","10","16","17","17","42","22","0","0","28","37","98",0.378,"8","27",0.296,"13","19",0.684,"58","20","27","23","6","5","15","14","7","46","27","1","0","5","BKN","-3","230","1",NA,NA,"BKN","brooklyn-nets","Atlantic","Nets","BOS","boston-celtics","Atlantic","Celtics"
2020-12-25,"Boston","Brooklyn","L","95","123",1,0,0,2021,"Regular-Season","Non-Playoff","401266798",22,32,23,18,0,26,25,35,37,0,"0",NA,0,"0",NA,0,"0",NA,0,"0","0","37-98","37.8","8-27","29.6","13-19","68.4","58","20","27","23","6","5","15",NA,0.14,"7",NA,0.46,"27",NA,0.01,"0","5","41-76","53.9","15-29","51.7","26-31","83.9","49","9","34","21","5","10","BKN","-3","230","1","22","0","0","28","Atlantic","Celtics","BKN","brooklyn-nets","Atlantic","Nets"
2020-12-25,"Dallas","Los Angeles","L","115","138",0,0,0,2021,"Regular-Season","Non-Playoff","401266799",30,27,28,30,0,33,36,30,39,0,"41","83",0.494,"13","32",0.406,"20","26",0.769,"34","3","24","20","13","3","9","16","17","54","22","0","0","5","51","91",0.56,"19","39",0.487,"17","24",0.708,"61","17","36","33","9","4","17","19","20","52","23","0","0","27","LAL","-6","226","1",NA,NA,"DAL","dallas-mavericks","Southwest","Mavericks","LAL","los-angeles-lakers","Pacific","Lakers"
2020-12-25,"Los Angeles","Dallas","W","138","115",1,0,0,2021,"Regular-Season","Non-Playoff","401266799",33,36,30,39,0,30,27,28,30,0,"0",NA,0,"0",NA,0,"0",NA,0,"0","0","51-91","56.0","19-39","48.7","17-24","70.8","61","17","36","33","9","4","17",NA,0.19,"20",NA,0.52,"23",NA,0,"0","27","41-83","49.4","13-32","40.6","20-26","76.9","34","3","24","20","13","3","LAL","-6","226","0","22","0","0","5","Pacific","Lakers","DAL","dallas-mavericks","Southwest","Mavericks"
2020-12-23,"Boston","Milwaukee","W","122","121",1,0,0,2021,"Regular-Season","Non-Playoff","401266804",31,33,37,21,0,34,25,25,37,0,"48","101",0.475,"18","40",0.45,"8","11",0.727,"44","10","27","23","8","6","7","8","5","40","17","0","0","17","46","90",0.511,"14","35",0.4,"15","18",0.833,"59","11","41","19","4","6","16","19","18","50","20","1","0","9","MIL","-4.5","224","0",NA,NA,"BOS","boston-celtics","Atlantic","Celtics","MIL","milwaukee-bucks","Central","Bucks"
2020-12-23,"Milwaukee","Boston","L","121","122",0,0,0,2021,"Regular-Season","Non-Playoff","401266804",34,25,25,37,0,31,33,37,21,0,"46","90",0.511,"14","35",0.4,"15","18",0.833,"59","11","41","19","4","6","16","19","18","50","20","1","0","9","48","101",0.475,"18","40",0.45,"8","11",0.727,"44","10","27","23","8","6","7","8","5","40","17","0","0","17","MIL","-4.5","224","0",NA,NA,"MIL","milwaukee-bucks","Central","Bucks","BOS","boston-celtics","Atlantic","Celtics"
2020-12-22,"Brooklyn","Golden State","W","125","99",1,0,0,2021,"Regular-Season","Non-Playoff","401266805",40,23,36,26,0,25,20,26,28,0,"42","92",0.457,"15","35",0.429,"26","32",0.813,"65","13","44","24","11","7","20","19","28","46","22","0","0","38","37","99",0.374,"10","33",0.303,"15","23",0.652,"61","13","34","26","6","6","18","23","12","44","24","0","0","2","BKN","-7","235","1",NA,NA,"BKN","brooklyn-nets","Atlantic","Nets","GS","golden-state-warriors","Pacific","Warriors"
2020-12-22,"Golden State","Brooklyn","L","99","125",0,0,0,2021,"Regular-Season","Non-Playoff","401266805",25,20,26,28,0,40,23,36,26,0,"37","99",0.374,"10","33",0.303,"15","23",0.652,"61","13","34","26","6","6","18","23","12","44","24","0","0","2","42","92",0.457,"15","35",0.429,"26","32",0.813,"65","13","44","24","11","7","20","19","28","46","22","0","0","38","BKN","-7","235","1",NA,NA,"GS","golden-state-warriors","Pacific","Warriors","BKN","brooklyn-nets","Atlantic","Nets"
2020-12-22,"LA","Los Angeles","W","116","109",0,0,0,2021,"Regular-Season","Non-Playoff","401266806",39,17,33,27,0,19,35,24,31,0,"44","93",0.473,"14","40",0.35,"14","19",0.737,"49","11","29","22","10","3","16","19","16","50","29","0","0","22","38","81",0.469,"9","29",0.31,"24","31",0.774,"55","8","37","22","4","2","19","16","12","38","20","0","0","0","LAL","-2","220","0",NA,NA,"LAC","la-clippers","Pacific","Clippers","LAL","los-angeles-lakers","Pacific","Lakers"
2020-12-22,"Los Angeles","LA","L","109","116",1,0,0,2021,"Regular-Season","Non-Playoff","401266806",19,35,24,31,0,39,17,33,27,0,"0",NA,0,"0",NA,0,"0",NA,0,"0","0","38-81","46.9","9-29","31.0","24-31","77.4","55","8","37","22","4","2","19",NA,0.16,"12",NA,0.38,"20",NA,0,"0","0","44-93","47.3","14-40","35.0","14-19","73.7","49","11","29","22","10","3","LAL","-2","220","1","29","0","0","22","Pacific","Lakers","LAC","la-clippers","Pacific","Clippers"
2020-12-23,"Charlotte","Cleveland","L","114","121",0,0,0,2021,"Regular-Season","Non-Playoff","401267150",23,21,36,34,0,24,41,28,28,0,"45","90",0.5,"16","44",0.364,"8","15",0.533,"41","8","24","29","10","4","15","16","21","56","17","2","0","1","46","87",0.529,"14","30",0.467,"15","20",0.75,"57","10","40","34","12","3","21","27","21","62","22","0","0","24","CHA","-3","217","0",NA,NA,"CHA","charlotte-hornets","Southeast","Hornets","CLE","cleveland-cavaliers","Central","Cavaliers"
2020-12-23,"Cleveland","Charlotte","W","121","114",1,0,0,2021,"Regular-Season","Non-Playoff","401267150",24,41,28,28,0,23,21,36,34,0,"0",NA,0,"0",NA,0,"0",NA,0,"0","0","46-87","52.9","14-30","46.7","15-20","75.0","57","10","40","34","12","3","21",NA,0.27,"21",NA,0.62,"22",NA,0,"0","24","45-90","50.0","16-44","36.4","8-15","53.3","41","8","24","29","10","4","CHA","-3","217","0","17","2","0","1","Central","Cavaliers","CHA","charlotte-hornets","Southeast","Hornets"
2020-12-23,"Indiana","New York","W","121","107",1,0,0,2021,"Regular-Season","Non-Playoff","401267151",35,26,27,33,0,33,33,16,25,0,"46","94",0.489,"8","34",0.235,"21","29",0.724,"64","10","40","28","6","9","13","12","30","68","24","0","0","18","39","85",0.459,"12","28",0.429,"17","23",0.739,"44","5","35","25","8","8","16","21","11","52","27","0","0","6","IND","-7.5","216","1",NA,NA,"IND","indiana-pacers","Central","Pacers","NY","new-york-knicks","Atlantic","Knicks"
2020-12-23,"New York","Indiana","L","107","121",0,0,0,2021,"Regular-Season","Non-Playoff","401267151",33,33,16,25,0,35,26,27,33,0,"39","85",0.459,"12","28",0.429,"17","23",0.739,"44","5","35","25","8","8","16","21","11","52","27","0","0","6","46","94",0.489,"8","34",0.235,"21","29",0.724,"64","10","40","28","6","9","13","12","30","68","24","0","0","18","IND","-7.5","216","1",NA,NA,"NY","new-york-knicks","Atlantic","Knicks","IND","indiana-pacers","Central","Pacers"
2020-12-23,"Miami","Orlando","L","107","113",0,0,0,2021,"Regular-Season","Non-Playoff","401267152",29,24,30,24,0,27,29,23,34,0,"42","83",0.506,"7","20",0.35,"16","19",0.842,"48","7","36","25","11","2","22","24","13","54","21","1","0","5","42","88",0.477,"10","28",0.357,"19","30",0.633,"53","11","30","23","15","3","18","20","21","44","19","0","0","9","MIA","-4.5","218","0",NA,NA,"MIA","miami-heat","Southeast","Heat","ORL","orlando-magic","Southeast","Magic"
2020-12-23,"Orlando","Miami","W","113","107",1,0,0,2021,"Regular-Season","Non-Playoff","401267152",27,29,23,34,0,29,24,30,24,0,"0",NA,0,"0",NA,0,"0",NA,0,"0","0","42-88","47.7","10-28","35.7","19-30","63.3","53","11","30","23","15","3","18",NA,0.2,"21",NA,0.44,"19",NA,0,"0","9","42-83","50.6","7-20","35.0","16-19","84.2","48","7","36","25","11","2","MIA","-4.5","218","0","21","1","0","5","Southeast","Magic","MIA","miami-heat","Southeast","Heat"
2020-12-23,"Philadelphia","Washington","W","113","107",1,0,0,2021,"Regular-Season","Non-Playoff","401267173",30,28,15,40,0,26,33,24,24,0,"41","87",0.471,"8","28",0.286,"23","30",0.767,"57","10","37","22","11","8","18","17","12","52","25","1","0","13","39","85",0.459,"13","27",0.481,"16","23",0.696,"49","5","35","28","7","4","20","24","21","26","26","2","0","12","PHI","-7.5","231","1",NA,NA,"PHI","philadelphia-76ers","Atlantic","76ers","WSH","washington-wizards","Southeast","Wizards"
2020-12-23,"Washington","Philadelphia","L","107","113",0,0,0,2021,"Regular-Season","Non-Playoff","401267173",26,33,24,24,0,30,28,15,40,0,"39","85",0.459,"13","27",0.481,"16","23",0.696,"49","5","35","28","7","4","20","24","21","26","26","2","0","12","41","87",0.471,"8","28",0.286,"23","30",0.767,"57","10","37","22","11","8","18","17","12","52","25","1","0","13","PHI","-7.5","231","1",NA,NA,"WSH","washington-wizards","Southeast","Wizards","PHI","philadelphia-76ers","Atlantic","76ers"
2020-12-23,"New Orleans","Toronto","W","113","99",0,0,0,2021,"Regular-Season","Non-Playoff","401267174",23,27,38,25,0,26,31,22,20,0,"42","80",0.525,"19","42",0.452,"10","20",0.5,"55","8","37","30","13","7","27","29","20","32","17","0","0","16","38","89",0.427,"14","46",0.304,"9","12",0.75,"47","7","28","26","10","5","21","25","16","36","22","0","0","11","TOR","-3.5","229","0",NA,NA,"NO","new-orleans-pelicans","Southwest","Pelicans","TOR","toronto-raptors","Atlantic","Raptors"
2020-12-23,"Toronto","New Orleans","L","99","113",1,0,0,2021,"Regular-Season","Non-Playoff","401267174",26,31,22,20,0,23,27,38,25,0,"0",NA,0,"0",NA,0,"0",NA,0,"0","0","38-89","42.7","14-46","30.4","9-12","75.0","47","7","28","26","10","5","21",NA,0.25,"16",NA,0.36,"22",NA,0,"0","11","42-80","52.5","19-42","45.2","10-20","50.0","55","8","37","30","13","7","TOR","-3.5","229","1","17","0","0","16","Atlantic","Raptors","NO","new-orleans-pelicans","Southwest","Pelicans"
2020-12-23,"Atlanta","Chicago","W","124","104",0,0,0,2021,"Regular-Season","Non-Playoff","401267175",42,41,28,13,0,29,30,20,25,0,"43","80",0.538,"14","35",0.4,"24","29",0.828,"50","8","38","24","6","3","23","16","23","50","29","0","0","40","36","87",0.414,"8","35",0.229,"24","28",0.857,"47","8","29","20","10","3","17","29","12","44","22","1","0","3","ATL","-2","234","1",NA,NA,"ATL","atlanta-hawks","Southeast","Hawks","CHI","chicago-bulls","Central","Bulls"
2020-12-23,"Chicago","Atlanta","L","104","124",1,0,0,2021,"Regular-Season","Non-Playoff","401267175",29,30,20,25,0,42,41,28,13,0,"0",NA,0,"0",NA,0,"0",NA,0,"0","0","36-87","41.4","8-35","22.9","24-28","85.7","47","8","29","20","10","3","17",NA,0.29,"12",NA,0.44,"22",NA,0.01,"0","3","43-80","53.8","14-35","40.0","24-29","82.8","50","8","38","24","6","3","ATL","-2","234","1","29","0","0","40","Central","Bulls","ATL","atlanta-hawks","Southeast","Hawks"
2020-12-23,"Memphis","San Antonio","L","119","131",1,0,0,2021,"Regular-Season","Non-Playoff","401267177",33,20,35,31,0,30,36,33,32,0,"49","95",0.516,"10","27",0.37,"11","18",0.611,"49","5","37","27","6","8","11","12","19","66","20","1","0","10","48","95",0.505,"10","25",0.4,"25","29",0.862,"55","8","40","28","8","8","11","17","22","60","18","0","0","18","MEM","-2","230","0",NA,NA,"MEM","memphis-grizzlies","Southwest","Grizzlies","SA","san-antonio-spurs","Southwest","Spurs"
2020-12-23,"San Antonio","Memphis","W","131","119",0,0,0,2021,"Regular-Season","Non-Playoff","401267177",30,36,33,32,0,33,20,35,31,0,"48","95",0.505,"10","25",0.4,"25","29",0.862,"55","8","40","28","8","8","11","17","22","60","18","0","0","18","49","95",0.516,"10","27",0.37,"11","18",0.611,"49","5","37","27","6","8","11","12","19","66","20","1","0","10","MEM","-2","230","0",NA,NA,"SA","san-antonio-spurs","Southwest","Spurs","MEM","memphis-grizzlies","Southwest","Grizzlies"
2020-12-23,"Detroit","Minnesota","L","101","111",0,0,0,2021,"Regular-Season","Non-Playoff","401267178",34,23,28,16,0,25,31,24,31,0,"45","93",0.484,"8","35",0.229,"3","8",0.375,"52","7","37","29","5","2","15","16","23","66","20","0","0","14","38","88",0.432,"11","41",0.268,"24","28",0.857,"55","12","36","25","6","5","12","19","17","44","16","0","0","10","MIN","-5.5","225","1",NA,NA,"DET","detroit-pistons","Central","Pistons","MIN","minnesota-timberwolves","Northwest","Timberwolves"
2020-12-23,"Minnesota","Detroit","W","111","101",1,0,0,2021,"Regular-Season","Non-Playoff","401267178",25,31,24,31,0,34,23,28,16,0,"0",NA,0,"0",NA,0,"0",NA,0,"0","0","38-88","43.2","11-41","26.8","24-28","85.7","55","12","36","25","6","5","12",NA,0.19,"17",NA,0.44,"16",NA,0,"0","10","45-93","48.4","8-35","22.9","3-8","37.5","52","7","37","29","5","2","MIN","-5.5","225","0","20","0","0","14","Northwest","Timberwolves","DET","detroit-pistons","Central","Pistons"
2020-12-23,"Denver","Sacramento","L","122","124",1,0,1,2021,"Regular-Season","Non-Playoff","401267179",31,29,24,28,10,25,28,36,23,12,"47","98",0.48,"8","29",0.276,"20","24",0.833,"53","10","36","28","6","11","15","11","11","66","25","0","0","9","45","102",0.441,"10","31",0.323,"24","31",0.774,"66","18","36","27","5","7","15","18","19","62","29","1","0","8","DEN","-7.5","227","0",NA,NA,"DEN","denver-nuggets","Northwest","Nuggets","SAC","sacramento-kings","Pacific","Kings"
2020-12-23,"Sacramento","Denver","W","124","122",0,0,1,2021,"Regular-Season","Non-Playoff","401267179",25,28,36,23,12,31,29,24,28,10,"45","102",0.441,"10","31",0.323,"24","31",0.774,"66","18","36","27","5","7","15","18","19","62","29","1","0","8","47","98",0.48,"8","29",0.276,"20","24",0.833,"53","10","36","28","6","11","15","11","11","66","25","0","0","9","DEN","-7.5","227","0",NA,NA,"SAC","sacramento-kings","Pacific","Kings","DEN","denver-nuggets","Northwest","Nuggets"
2020-12-23,"Portland","Utah","L","100","120",1,0,0,2021,"Regular-Season","Non-Playoff","401267180",25,19,24,32,0,32,33,29,26,0,"37","92",0.402,"12","33",0.364,"14","17",0.824,"49","6","34","23","6","3","6","10","10","44","18","1","0","7","43","94",0.457,"19","50",0.38,"15","19",0.789,"64","12","47","24","3","3","11","13","10","44","16","1","0","31","UTAH","-1.5","226","1",NA,NA,"POR","portland-trail-blazers","Northwest","Trail Blazers","UTAH","utah-jazz","Northwest","Jazz"
2020-12-23,"Utah","Portland","W","120","100",0,0,0,2021,"Regular-Season","Non-Playoff","401267180",32,33,29,26,0,25,19,24,32,0,"43","94",0.457,"19","50",0.38,"15","19",0.789,"64","12","47","24","3","3","11","13","10","44","16","1","0","31","37","92",0.402,"12","33",0.364,"14","17",0.824,"49","6","34","23","6","3","6","10","10","44","18","1","0","7","UTAH","-1.5","226","1",NA,NA,"UTAH","utah-jazz","Northwest","Jazz","POR","portland-trail-blazers","Northwest","Trail Blazers"
2020-12-26,"Atlanta","Memphis","W","122","112",0,0,0,2021,"Regular-Season","Non-Playoff","401267181",27,31,29,35,0,22,34,32,24,0,"38","89",0.427,"13","36",0.361,"33","38",0.868,"62","13","41","23","4","5","15","26","8","44","20","1","1","10","37","93",0.398,"13","43",0.302,"25","29",0.862,"54","9","37","20","5","6","10","12","16","44","27","2","0","8","MEM","-2.5","239","0",NA,NA,"ATL","atlanta-hawks","Southeast","Hawks","MEM","memphis-grizzlies","Southwest","Grizzlies"
2020-12-26,"Memphis","Atlanta","L","112","122",1,0,0,2021,"Regular-Season","Non-Playoff","401267181",22,34,32,24,0,27,31,29,35,0,"0",NA,0,"0",NA,0,"0",NA,0,"0","0","37-93","39.8","13-43","30.2","25-29","86.2","54","9","37","20","5","6","10",NA,0.12,"16",NA,0.44,"27",NA,0.02,"0","8","38-89","42.7","13-36","36.1","33-38","86.8","62","13","41","23","4","5","MEM","-2.5","239","1","20","1","1","10","Southwest","Grizzlies","ATL","atlanta-hawks","Southeast","Hawks"
2020-12-26,"Charlotte","Oklahoma City","L","107","109",1,0,0,2021,"Regular-Season","Non-Playoff","401267182",28,31,16,32,0,26,31,23,29,0,"37","93",0.398,"13","32",0.406,"20","32",0.625,"59","13","34","27","11","8","13","17","27","42","22","0","0","11","40","88",0.455,"10","36",0.278,"19","24",0.792,"62","9","45","25","10","7","17","18","11","48","21","0","0","13","CHA","-2.5","220","0",NA,NA,"CHA","charlotte-hornets","Southeast","Hornets","OKC","oklahoma-city-thunder","Northwest","Thunder"
2020-12-26,"Cleveland","Detroit","W","128","119",0,0,2,2021,"Regular-Season","Non-Playoff","401267183",26,31,23,29,0,28,31,16,32,0,"40","88",0.455,"10","36",0.278,"19","24",0.792,"62","9","45","25","10","7","17","18","11","48","21","0","0","13","37","93",0.398,"13","32",0.406,"20","32",0.625,"59","13","34","27","11","8","13","17","27","42","22","0","0","11","CHA","-2.5","220","0",NA,NA,"CLE","cleveland-cavaliers","Central","Cavaliers","DET","detroit-pistons","Central","Pistons"
2020-12-26,"Detroit","Cleveland","L","119","128",1,0,2,2021,"Regular-Season","Non-Playoff","401267183",0,0,0,0,0,0,0,0,0,0,"0",NA,0,"0",NA,0,"0",NA,0,"0","0","0","0","0","0","0","0","0","0","0","0","0","0","0",NA,0,"0",NA,0,"0",NA,0,"0","0","0","0","0","0","0","0","0","0","0","0","0","0","",NA,NA,NA,NA,NA,"DET","detroit-pistons","Central","Pistons","CLE","cleveland-cavaliers","Central","Cavaliers"
2020-12-26,"Orlando","Washington","W","130","120",0,0,0,2021,"Regular-Season","Non-Playoff","401267184",0,0,0,0,0,0,0,0,0,0,"0",NA,0,"0",NA,0,"0",NA,0,"0","0","0","0","0","0","0","0","0","0","0","0","0","0","0",NA,0,"0",NA,0,"0",NA,0,"0","0","0","0","0","0","0","0","0","0","0","0","0","0","",NA,NA,NA,NA,NA,"ORL","orlando-magic","Southeast","Magic","WSH","washington-wizards","Southeast","Wizards"
2020-12-26,"Washington","Orlando","L","120","130",1,0,0,2021,"Regular-Season","Non-Playoff","401267184",0,0,0,0,0,0,0,0,0,0,"0",NA,0,"0",NA,0,"0",NA,0,"0","0","0","0","0","0","0","0","0","0","0","0","0","0","0",NA,0,"0",NA,0,"0",NA,0,"0","0","0","0","0","0","0","0","0","0","0","0","0","0","",NA,NA,NA,NA,NA,"WSH","washington-wizards","Southeast","Wizards","ORL","orlando-magic","Southeast","Magic"
2020-12-26,"New York","Philadelphia","L","89","109",1,0,0,2021,"Regular-Season","Non-Playoff","401267185",0,0,0,0,0,0,0,0,0,0,"0",NA,0,"0",NA,0,"0",NA,0,"0","0","0","0","0","0","0","0","0","0","0","0","0","0","0",NA,0,"0",NA,0,"0",NA,0,"0","0","0","0","0","0","0","0","0","0","0","0","0","0","",NA,NA,NA,NA,NA,"NY","new-york-knicks","Atlantic","Knicks","PHI","philadelphia-76ers","Atlantic","76ers"
2020-12-26,"Philadelphia","New York","W","109","89",0,0,0,2021,"Regular-Season","Non-Playoff","401267185",0,0,0,0,0,0,0,0,0,0,"0",NA,0,"0",NA,0,"0",NA,0,"0","0","0","0","0","0","0","0","0","0","0","0","0","0","0",NA,0,"0",NA,0,"0",NA,0,"0","0","0","0","0","0","0","0","0","0","0","0","0","0","",NA,NA,NA,NA,NA,"PHI","philadelphia-76ers","Atlantic","76ers","NY","new-york-knicks","Atlantic","Knicks"
2020-12-26,"Chicago","Indiana","L","106","125",1,0,0,2021,"Regular-Season","Non-Playoff","401267186",0,0,0,0,0,0,0,0,0,0,"0",NA,0,"0",NA,0,"0",NA,0,"0","0","0","0","0","0","0","0","0","0","0","0","0","0","0",NA,0,"0",NA,0,"0",NA,0,"0","0","0","0","0","0","0","0","0","0","0","0","0","0","",NA,NA,NA,NA,NA,"CHI","chicago-bulls","Central","Bulls","IND","indiana-pacers","Central","Pacers"
2020-12-26,"Indiana","Chicago","W","125","106",0,0,0,2021,"Regular-Season","Non-Playoff","401267186",0,0,0,0,0,0,0,0,0,0,"0",NA,0,"0",NA,0,"0",NA,0,"0","0","0","0","0","0","0","0","0","0","0","0","0","0","0",NA,0,"0",NA,0,"0",NA,0,"0","0","0","0","0","0","0","0","0","0","0","0","0","0","",NA,NA,NA,NA,NA,"IND","indiana-pacers","Central","Pacers","CHI","chicago-bulls","Central","Bulls"
2020-12-26,"San Antonio","Toronto","W","119","114",1,0,0,2021,"Regular-Season","Non-Playoff","401267187",0,0,0,0,0,0,0,0,0,0,"0",NA,0,"0",NA,0,"0",NA,0,"0","0","0","0","0","0","0","0","0","0","0","0","0","0","0",NA,0,"0",NA,0,"0",NA,0,"0","0","0","0","0","0","0","0","0","0","0","0","0","0","",NA,NA,NA,NA,NA,"SA","san-antonio-spurs","Southwest","Spurs","TOR","toronto-raptors","Atlantic","Raptors"
2020-12-26,"Toronto","San Antonio","L","114","119",0,0,0,2021,"Regular-Season","Non-Playoff","401267187",0,0,0,0,0,0,0,0,0,0,"0",NA,0,"0",NA,0,"0",NA,0,"0","0","0","0","0","0","0","0","0","0","0","0","0","0","0",NA,0,"0",NA,0,"0",NA,0,"0","0","0","0","0","0","0","0","0","0","0","0","0","0","",NA,NA,NA,NA,NA,"TOR","toronto-raptors","Atlantic","Raptors","SA","san-antonio-spurs","Southwest","Spurs"
2020-12-26,"Minnesota","Utah","W","116","111",0,0,0,2021,"Regular-Season","Non-Playoff","401267188",0,0,0,0,0,0,0,0,0,0,"0",NA,0,"0",NA,0,"0",NA,0,"0","0","0","0","0","0","0","0","0","0","0","0","0","0","0",NA,0,"0",NA,0,"0",NA,0,"0","0","0","0","0","0","0","0","0","0","0","0","0","0","",NA,NA,NA,NA,NA,"MIN","minnesota-timberwolves","Northwest","Timberwolves","UTAH","utah-jazz","Northwest","Jazz"
2020-12-26,"Utah","Minnesota","L","111","116",1,0,0,2021,"Regular-Season","Non-Playoff","401267188",0,0,0,0,0,0,0,0,0,0,"0",NA,0,"0",NA,0,"0",NA,0,"0","0","0","0","0","0","0","0","0","0","0","0","0","0","0",NA,0,"0",NA,0,"0",NA,0,"0","0","0","0","0","0","0","0","0","0","0","0","0","0","",NA,NA,NA,NA,NA,"UTAH","utah-jazz","Northwest","Jazz","MIN","minnesota-timberwolves","Northwest","Timberwolves"
2020-12-26,"Portland","Houston","W","128","126",1,0,1,2021,"Regular-Season","Non-Playoff","401267189",0,0,0,0,0,0,0,0,0,0,"0",NA,0,"0",NA,0,"0",NA,0,"0","0","0","0","0","0","0","0","0","0","0","0","0","0","0",NA,0,"0",NA,0,"0",NA,0,"0","0","0","0","0","0","0","0","0","0","0","0","0","0","",NA,NA,NA,NA,NA,"POR","portland-trail-blazers","Northwest","Trail Blazers","HOU","houston-rockets","Southwest","Rockets"
2020-12-26,"Phoenix","Sacramento","L","103","106",0,0,0,2021,"Regular-Season","Non-Playoff","401267190",0,0,0,0,0,0,0,0,0,0,"0",NA,0,"0",NA,0,"0",NA,0,"0","0","0","0","0","0","0","0","0","0","0","0","0","0","0",NA,0,"0",NA,0,"0",NA,0,"0","0","0","0","0","0","0","0","0","0","0","0","0","0","",NA,NA,NA,NA,NA,"PHX","phoenix-suns","Pacific","Suns","SAC","sacramento-kings","Pacific","Kings"
2020-12-26,"Sacramento","Phoenix","W","106","103",1,0,0,2021,"Regular-Season","Non-Playoff","401267190",0,0,0,0,0,0,0,0,0,0,"0",NA,0,"0",NA,0,"0",NA,0,"0","0","0","0","0","0","0","0","0","0","0","0","0","0","0",NA,0,"0",NA,0,"0",NA,0,"0","0","0","0","0","0","0","0","0","0","0","0","0","0","",NA,NA,NA,NA,NA,"SAC","sacramento-kings","Pacific","Kings","PHX","phoenix-suns","Pacific","Suns"
2020-12-27,"Dallas","LA","W","124","73",0,0,0,2021,"Regular-Season","Non-Playoff","401267191",0,0,0,0,0,0,0,0,0,0,"0",NA,0,"0",NA,0,"0",NA,0,"0","0","0","0","0","0","0","0","0","0","0","0","0","0","0",NA,0,"0",NA,0,"0",NA,0,"0","0","0","0","0","0","0","0","0","0","0","0","0","0","",NA,NA,NA,NA,NA,"DAL","dallas-mavericks","Southwest","Mavericks","LAC","la-clippers","Pacific","Clippers"
2020-12-27,"LA","Dallas","L","73","124",1,0,0,2021,"Regular-Season","Non-Playoff","401267191",0,0,0,0,0,0,0,0,0,0,"0",NA,0,"0",NA,0,"0",NA,0,"0","0","0","0","0","0","0","0","0","0","0","0","0","0","0",NA,0,"0",NA,0,"0",NA,0,"0","0","0","0","0","0","0","0","0","0","0","0","0","0","",NA,NA,NA,NA,NA,"LAC","la-clippers","Pacific","Clippers","DAL","dallas-mavericks","Southwest","Mavericks"
2020-12-27,"Brooklyn","Charlotte","L","104","106",0,0,0,2021,"Regular-Season","Non-Playoff","401267192",0,0,0,0,0,0,0,0,0,0,"0",NA,0,"0",NA,0,"0",NA,0,"0","0","0","0","0","0","0","0","0","0","0","0","0","0","0",NA,0,"0",NA,0,"0",NA,0,"0","0","0","0","0","0","0","0","0","0","0","0","0","0","",NA,NA,NA,NA,NA,"BKN","brooklyn-nets","Atlantic","Nets","CHA","charlotte-hornets","Southeast","Hornets"
2020-12-27,"Charlotte","Brooklyn","W","106","104",1,0,0,2021,"Regular-Season","Non-Playoff","401267192",0,0,0,0,0,0,0,0,0,0,"0",NA,0,"0",NA,0,"0",NA,0,"0","0","0","0","0","0","0","0","0","0","0","0","0","0","0",NA,0,"0",NA,0,"0",NA,0,"0","0","0","0","0","0","0","0","0","0","0","0","0","0","",NA,NA,NA,NA,NA,"CHA","charlotte-hornets","Southeast","Hornets","BKN","brooklyn-nets","Atlantic","Nets"
2020-12-27,"Orlando","Washington","W","120","113",0,0,0,2021,"Regular-Season","Non-Playoff","401267193",0,0,0,0,0,0,0,0,0,0,"0",NA,0,"0",NA,0,"0",NA,0,"0","0","0","0","0","0","0","0","0","0","0","0","0","0","0",NA,0,"0",NA,0,"0",NA,0,"0","0","0","0","0","0","0","0","0","0","0","0","0","0","",NA,NA,NA,NA,NA,"ORL","orlando-magic","Southeast","Magic","WSH","washington-wizards","Southeast","Wizards"
2020-12-27,"Washington","Orlando","L","113","120",1,0,0,2021,"Regular-Season","Non-Playoff","401267193",0,0,0,0,0,0,0,0,0,0,"0",NA,0,"0",NA,0,"0",NA,0,"0","0","0","0","0","0","0","0","0","0","0","0","0","0","0",NA,0,"0",NA,0,"0",NA,0,"0","0","0","0","0","0","0","0","0","0","0","0","0","0","",NA,NA,NA,NA,NA,"WSH","washington-wizards","Southeast","Wizards","ORL","orlando-magic","Southeast","Magic"
2020-12-27,"New Orleans","San Antonio","W","98","95",1,0,0,2021,"Regular-Season","Non-Playoff","401267194",0,0,0,0,0,0,0,0,0,0,"0",NA,0,"0",NA,0,"0",NA,0,"0","0","0","0","0","0","0","0","0","0","0","0","0","0","0",NA,0,"0",NA,0,"0",NA,0,"0","0","0","0","0","0","0","0","0","0","0","0","0","0","",NA,NA,NA,NA,NA,"NO","new-orleans-pelicans","Southwest","Pelicans","SA","san-antonio-spurs","Southwest","Spurs"
2020-12-27,"San Antonio","New Orleans","L","95","98",0,0,0,2021,"Regular-Season","Non-Playoff","401267194",0,0,0,0,0,0,0,0,0,0,"0",NA,0,"0",NA,0,"0",NA,0,"0","0","0","0","0","0","0","0","0","0","0","0","0","0","0",NA,0,"0",NA,0,"0",NA,0,"0","0","0","0","0","0","0","0","0","0","0","0","0","0","",NA,NA,NA,NA,NA,"SA","san-antonio-spurs","Southwest","Spurs","NO","new-orleans-pelicans","Southwest","Pelicans"
2020-12-27,"Cleveland","Philadelphia","W","118","94",1,0,0,2021,"Regular-Season","Non-Playoff","401267195",0,0,0,0,0,0,0,0,0,0,"0",NA,0,"0",NA,0,"0",NA,0,"0","0","0","0","0","0","0","0","0","0","0","0","0","0","0",NA,0,"0",NA,0,"0",NA,0,"0","0","0","0","0","0","0","0","0","0","0","0","0","0","",NA,NA,NA,NA,NA,"CLE","cleveland-cavaliers","Central","Cavaliers","PHI","philadelphia-76ers","Atlantic","76ers"
2020-12-27,"Philadelphia","Cleveland","L","94","118",0,0,0,2021,"Regular-Season","Non-Playoff","401267195",0,0,0,0,0,0,0,0,0,0,"0",NA,0,"0",NA,0,"0",NA,0,"0","0","0","0","0","0","0","0","0","0","0","0","0","0","0",NA,0,"0",NA,0,"0",NA,0,"0","0","0","0","0","0","0","0","0","0","0","0","0","0","",NA,NA,NA,NA,NA,"PHI","philadelphia-76ers","Atlantic","76ers","CLE","cleveland-cavaliers","Central","Cavaliers"
2020-12-27,"Milwaukee","New York","L","110","130",0,0,0,2021,"Regular-Season","Non-Playoff","401267196",0,0,0,0,0,0,0,0,0,0,"0",NA,0,"0",NA,0,"0",NA,0,"0","0","0","0","0","0","0","0","0","0","0","0","0","0","0",NA,0,"0",NA,0,"0",NA,0,"0","0","0","0","0","0","0","0","0","0","0","0","0","0","",NA,NA,NA,NA,NA,"MIL","milwaukee-bucks","Central","Bucks","NY","new-york-knicks","Atlantic","Knicks"
2020-12-27,"New York","Milwaukee","W","130","110",1,0,0,2021,"Regular-Season","Non-Playoff","401267196",0,0,0,0,0,0,0,0,0,0,"0",NA,0,"0",NA,0,"0",NA,0,"0","0","0","0","0","0","0","0","0","0","0","0","0","0","0",NA,0,"0",NA,0,"0",NA,0,"0","0","0","0","0","0","0","0","0","0","0","0","0","0","",NA,NA,NA,NA,NA,"NY","new-york-knicks","Atlantic","Knicks","MIL","milwaukee-bucks","Central","Bucks"
2020-12-27,"Boston","Indiana","L","107","108",0,0,0,2021,"Regular-Season","Non-Playoff","401267197",0,0,0,0,0,0,0,0,0,0,"0",NA,0,"0",NA,0,"0",NA,0,"0","0","0","0","0","0","0","0","0","0","0","0","0","0","0",NA,0,"0",NA,0,"0",NA,0,"0","0","0","0","0","0","0","0","0","0","0","0","0","0","",NA,NA,NA,NA,NA,"BOS","boston-celtics","Atlantic","Celtics","IND","indiana-pacers","Central","Pacers"
2020-12-27,"Indiana","Boston","W","108","107",1,0,0,2021,"Regular-Season","Non-Playoff","401267197",0,0,0,0,0,0,0,0,0,0,"0",NA,0,"0",NA,0,"0",NA,0,"0","0","0","0","0","0","0","0","0","0","0","0","0","0","0",NA,0,"0",NA,0,"0",NA,0,"0","0","0","0","0","0","0","0","0","0","0","0","0","0","",NA,NA,NA,NA,NA,"IND","indiana-pacers","Central","Pacers","BOS","boston-celtics","Atlantic","Celtics"
2020-12-27,"Chicago","Golden State","L","128","129",1,0,0,2021,"Regular-Season","Non-Playoff","401267198",0,0,0,0,0,0,0,0,0,0,"0",NA,0,"0",NA,0,"0",NA,0,"0","0","0","0","0","0","0","0","0","0","0","0","0","0","0",NA,0,"0",NA,0,"0",NA,0,"0","0","0","0","0","0","0","0","0","0","0","0","0","0","",NA,NA,NA,NA,NA,"CHI","chicago-bulls","Central","Bulls","GS","golden-state-warriors","Pacific","Warriors"
2020-12-27,"Golden State","Chicago","W","129","128",0,0,0,2021,"Regular-Season","Non-Playoff","401267198",0,0,0,0,0,0,0,0,0,0,"0",NA,0,"0",NA,0,"0",NA,0,"0","0","0","0","0","0","0","0","0","0","0","0","0","0","0",NA,0,"0",NA,0,"0",NA,0,"0","0","0","0","0","0","0","0","0","0","0","0","0","0","",NA,NA,NA,NA,NA,"GS","golden-state-warriors","Pacific","Warriors","CHI","chicago-bulls","Central","Bulls"
2020-12-27,"Phoenix","Sacramento","W","116","100",0,0,0,2021,"Regular-Season","Non-Playoff","401267199",0,0,0,0,0,0,0,0,0,0,"0",NA,0,"0",NA,0,"0",NA,0,"0","0","0","0","0","0","0","0","0","0","0","0","0","0","0",NA,0,"0",NA,0,"0",NA,0,"0","0","0","0","0","0","0","0","0","0","0","0","0","0","",NA,NA,NA,NA,NA,"PHX","phoenix-suns","Pacific","Suns","SAC","sacramento-kings","Pacific","Kings"
2020-12-27,"Sacramento","Phoenix","L","100","116",1,0,0,2021,"Regular-Season","Non-Playoff","401267199",0,0,0,0,0,0,0,0,0,0,"0",NA,0,"0",NA,0,"0",NA,0,"0","0","0","0","0","0","0","0","0","0","0","0","0","0","0",NA,0,"0",NA,0,"0",NA,0,"0","0","0","0","0","0","0","0","0","0","0","0","0","0","",NA,NA,NA,NA,NA,"SAC","sacramento-kings","Pacific","Kings","PHX","phoenix-suns","Pacific","Suns"
2020-12-27,"Los Angeles","Minnesota","W","127","91",1,0,0,2021,"Regular-Season","Non-Playoff","401267200",0,0,0,0,0,0,0,0,0,0,"0",NA,0,"0",NA,0,"0",NA,0,"0","0","0","0","0","0","0","0","0","0","0","0","0","0","0",NA,0,"0",NA,0,"0",NA,0,"0","0","0","0","0","0","0","0","0","0","0","0","0","0","",NA,NA,NA,NA,NA,"LAL","los-angeles-lakers","Pacific","Lakers","MIN","minnesota-timberwolves","Northwest","Timberwolves"
2020-12-27,"Minnesota","Los Angeles","L","91","127",0,0,0,2021,"Regular-Season","Non-Playoff","401267200",0,0,0,0,0,0,0,0,0,0,"0",NA,0,"0",NA,0,"0",NA,0,"0","0","0","0","0","0","0","0","0","0","0","0","0","0","0",NA,0,"0",NA,0,"0",NA,0,"0","0","0","0","0","0","0","0","0","0","0","0","0","0","",NA,NA,NA,NA,NA,"MIN","minnesota-timberwolves","Northwest","Timberwolves","LAL","los-angeles-lakers","Pacific","Lakers"
2020-12-28,"Atlanta","Detroit","W","128","120",1,0,0,2021,"Regular-Season","Non-Playoff","401267201",0,0,0,0,0,0,0,0,0,0,"0",NA,0,"0",NA,0,"0",NA,0,"0","0","0","0","0","0","0","0","0","0","0","0","0","0","0",NA,0,"0",NA,0,"0",NA,0,"0","0","0","0","0","0","0","0","0","0","0","0","0","0","",NA,NA,NA,NA,NA,"ATL","atlanta-hawks","Southeast","Hawks","DET","detroit-pistons","Central","Pistons"
2020-12-28,"Detroit","Atlanta","L","120","128",0,0,0,2021,"Regular-Season","Non-Playoff","401267201",0,0,0,0,0,0,0,0,0,0,"0",NA,0,"0",NA,0,"0",NA,0,"0","0","0","0","0","0","0","0","0","0","0","0","0","0","0",NA,0,"0",NA,0,"0",NA,0,"0","0","0","0","0","0","0","0","0","0","0","0","0","0","",NA,NA,NA,NA,NA,"DET","detroit-pistons","Central","Pistons","ATL","atlanta-hawks","Southeast","Hawks"
2020-12-28,"Brooklyn","Memphis","L","111","116",1,0,1,2021,"Regular-Season","Non-Playoff","401267202",0,0,0,0,0,0,0,0,0,0,"0",NA,0,"0",NA,0,"0",NA,0,"0","0","0","0","0","0","0","0","0","0","0","0","0","0","0",NA,0,"0",NA,0,"0",NA,0,"0","0","0","0","0","0","0","0","0","0","0","0","0","0","",NA,NA,NA,NA,NA,"BKN","brooklyn-nets","Atlantic","Nets","MEM","memphis-grizzlies","Southwest","Grizzlies"
2020-12-28,"Memphis","Brooklyn","W","116","111",0,0,1,2021,"Regular-Season","Non-Playoff","401267202",0,0,0,0,0,0,0,0,0,0,"0",NA,0,"0",NA,0,"0",NA,0,"0","0","0","0","0","0","0","0","0","0","0","0","0","0","0",NA,0,"0",NA,0,"0",NA,0,"0","0","0","0","0","0","0","0","0","0","0","0","0","0","",NA,NA,NA,NA,NA,"MEM","memphis-grizzlies","Southwest","Grizzlies","BKN","brooklyn-nets","Atlantic","Nets"
2020-12-26,"Oklahoma City","Charlotte","W","109","107",0,0,0,2021,"Regular-Season","Non-Playoff","401267203",0,0,0,0,0,0,0,0,0,0,"0",NA,0,"0",NA,0,"0",NA,0,"0","0","0","0","0","0","0","0","0","0","0","0","0","0","0",NA,0,"0",NA,0,"0",NA,0,"0","0","0","0","0","0","0","0","0","0","0","0","0","0","",NA,NA,NA,NA,NA,"OKC","oklahoma-city-thunder","Northwest","Thunder","CHA","charlotte-hornets","Southeast","Hornets"
2020-12-28,"Utah","Oklahoma City","W","110","109",0,0,0,2021,"Regular-Season","Non-Playoff","401267203",0,0,0,0,0,0,0,0,0,0,"0",NA,0,"0",NA,0,"0",NA,0,"0","0","0","0","0","0","0","0","0","0","0","0","0","0","0",NA,0,"0",NA,0,"0",NA,0,"0","0","0","0","0","0","0","0","0","0","0","0","0","0","",NA,NA,NA,NA,NA,"UTAH","utah-jazz","Northwest","Jazz","OKC","oklahoma-city-thunder","Northwest","Thunder"
2020-12-26,"Houston","Portland","L","126","128",0,0,1,2021,"Regular-Season","Non-Playoff","401267204",0,0,0,0,0,0,0,0,0,0,"0",NA,0,"0",NA,0,"0",NA,0,"0","0","0","0","0","0","0","0","0","0","0","0","0","0","0",NA,0,"0",NA,0,"0",NA,0,"0","0","0","0","0","0","0","0","0","0","0","0","0","0","",NA,NA,NA,NA,NA,"HOU","houston-rockets","Southwest","Rockets","POR","portland-trail-blazers","Northwest","Trail Blazers"
2020-12-28,"Denver","Houston","W","124","111",1,0,0,2021,"Regular-Season","Non-Playoff","401267204",0,0,0,0,0,0,0,0,0,0,"0",NA,0,"0",NA,0,"0",NA,0,"0","0","0","0","0","0","0","0","0","0","0","0","0","0","0",NA,0,"0",NA,0,"0",NA,0,"0","0","0","0","0","0","0","0","0","0","0","0","0","0","",NA,NA,NA,NA,NA,"DEN","denver-nuggets","Northwest","Nuggets","HOU","houston-rockets","Southwest","Rockets"
2020-12-28,"Los Angeles","Portland","L","107","115",1,0,0,2021,"Regular-Season","Non-Playoff","401267205",0,0,0,0,0,0,0,0,0,0,"0",NA,0,"0",NA,0,"0",NA,0,"0","0","0","0","0","0","0","0","0","0","0","0","0","0","0",NA,0,"0",NA,0,"0",NA,0,"0","0","0","0","0","0","0","0","0","0","0","0","0","0","",NA,NA,NA,NA,NA,"LAL","los-angeles-lakers","Pacific","Lakers","POR","portland-trail-blazers","Northwest","Trail Blazers"
2020-12-28,"Portland","Los Angeles","W","115","107",0,0,0,2021,"Regular-Season","Non-Playoff","401267205",0,0,0,0,0,0,0,0,0,0,"0",NA,0,"0",NA,0,"0",NA,0,"0","0","0","0","0","0","0","0","0","0","0","0","0","0","0",NA,0,"0",NA,0,"0",NA,0,"0","0","0","0","0","0","0","0","0","0","0","0","0","0","",NA,NA,NA,NA,NA,"POR","portland-trail-blazers","Northwest","Trail Blazers","LAL","los-angeles-lakers","Pacific","Lakers"
2020-12-29,"Cleveland","New York","L","86","95",1,0,0,2021,"Regular-Season","Non-Playoff","401267206",0,0,0,0,0,0,0,0,0,0,"0",NA,0,"0",NA,0,"0",NA,0,"0","0","0","0","0","0","0","0","0","0","0","0","0","0","0",NA,0,"0",NA,0,"0",NA,0,"0","0","0","0","0","0","0","0","0","0","0","0","0","0","",NA,NA,NA,NA,NA,"CLE","cleveland-cavaliers","Central","Cavaliers","NY","new-york-knicks","Atlantic","Knicks"
2020-12-29,"New York","Cleveland","W","95","86",0,0,0,2021,"Regular-Season","Non-Playoff","401267206",0,0,0,0,0,0,0,0,0,0,"0",NA,0,"0",NA,0,"0",NA,0,"0","0","0","0","0","0","0","0","0","0","0","0","0","0","0",NA,0,"0",NA,0,"0",NA,0,"0","0","0","0","0","0","0","0","0","0","0","0","0","0","",NA,NA,NA,NA,NA,"NY","new-york-knicks","Atlantic","Knicks","CLE","cleveland-cavaliers","Central","Cavaliers"
2020-12-29,"Detroit","Golden State","L","106","116",1,0,0,2021,"Regular-Season","Non-Playoff","401267207",0,0,0,0,0,0,0,0,0,0,"0",NA,0,"0",NA,0,"0",NA,0,"0","0","0","0","0","0","0","0","0","0","0","0","0","0","0",NA,0,"0",NA,0,"0",NA,0,"0","0","0","0","0","0","0","0","0","0","0","0","0","0","",NA,NA,NA,NA,NA,"DET","detroit-pistons","Central","Pistons","GS","golden-state-warriors","Pacific","Warriors"
2020-12-29,"Golden State","Detroit","W","116","106",0,0,0,2021,"Regular-Season","Non-Playoff","401267207",0,0,0,0,0,0,0,0,0,0,"0",NA,0,"0",NA,0,"0",NA,0,"0","0","0","0","0","0","0","0","0","0","0","0","0","0","0",NA,0,"0",NA,0,"0",NA,0,"0","0","0","0","0","0","0","0","0","0","0","0","0","0","",NA,NA,NA,NA,NA,"GS","golden-state-warriors","Pacific","Warriors","DET","detroit-pistons","Central","Pistons"
2020-12-29,"Boston","Indiana","W","116","111",0,0,0,2021,"Regular-Season","Non-Playoff","401267208",0,0,0,0,0,0,0,0,0,0,"0",NA,0,"0",NA,0,"0",NA,0,"0","0","0","0","0","0","0","0","0","0","0","0","0","0","0",NA,0,"0",NA,0,"0",NA,0,"0","0","0","0","0","0","0","0","0","0","0","0","0","0","",NA,NA,NA,NA,NA,"BOS","boston-celtics","Atlantic","Celtics","IND","indiana-pacers","Central","Pacers"
2020-12-29,"Indiana","Boston","L","111","116",1,0,0,2021,"Regular-Season","Non-Playoff","401267208",0,0,0,0,0,0,0,0,0,0,"0",NA,0,"0",NA,0,"0",NA,0,"0","0","0","0","0","0","0","0","0","0","0","0","0","0","0",NA,0,"0",NA,0,"0",NA,0,"0","0","0","0","0","0","0","0","0","0","0","0","0","0","",NA,NA,NA,NA,NA,"IND","indiana-pacers","Central","Pacers","BOS","boston-celtics","Atlantic","Celtics"
2020-12-29,"Philadelphia","Toronto","W","100","93",1,0,0,2021,"Regular-Season","Non-Playoff","401267209",0,0,0,0,0,0,0,0,0,0,"0",NA,0,"0",NA,0,"0",NA,0,"0","0","0","0","0","0","0","0","0","0","0","0","0","0","0",NA,0,"0",NA,0,"0",NA,0,"0","0","0","0","0","0","0","0","0","0","0","0","0","0","",NA,NA,NA,NA,NA,"PHI","philadelphia-76ers","Atlantic","76ers","TOR","toronto-raptors","Atlantic","Raptors"
2020-12-29,"Toronto","Philadelphia","L","93","100",0,0,0,2021,"Regular-Season","Non-Playoff","401267209",0,0,0,0,0,0,0,0,0,0,"0",NA,0,"0",NA,0,"0",NA,0,"0","0","0","0","0","0","0","0","0","0","0","0","0","0","0",NA,0,"0",NA,0,"0",NA,0,"0","0","0","0","0","0","0","0","0","0","0","0","0","0","",NA,NA,NA,NA,NA,"TOR","toronto-raptors","Atlantic","Raptors","PHI","philadelphia-76ers","Atlantic","76ers"
2020-12-29,"Chicago","Washington","W","115","107",0,0,0,2021,"Regular-Season","Non-Playoff","401267210",0,0,0,0,0,0,0,0,0,0,"0",NA,0,"0",NA,0,"0",NA,0,"0","0","0","0","0","0","0","0","0","0","0","0","0","0","0",NA,0,"0",NA,0,"0",NA,0,"0","0","0","0","0","0","0","0","0","0","0","0","0","0","",NA,NA,NA,NA,NA,"CHI","chicago-bulls","Central","Bulls","WSH","washington-wizards","Southeast","Wizards"
2020-12-29,"Washington","Chicago","L","107","115",1,0,0,2021,"Regular-Season","Non-Playoff","401267210",0,0,0,0,0,0,0,0,0,0,"0",NA,0,"0",NA,0,"0",NA,0,"0","0","0","0","0","0","0","0","0","0","0","0","0","0","0",NA,0,"0",NA,0,"0",NA,0,"0","0","0","0","0","0","0","0","0","0","0","0","0","0","",NA,NA,NA,NA,NA,"WSH","washington-wizards","Southeast","Wizards","CHI","chicago-bulls","Central","Bulls"
2020-12-29,"Miami","Milwaukee","L","97","144",1,0,0,2021,"Regular-Season","Non-Playoff","401267211",0,0,0,0,0,0,0,0,0,0,"0",NA,0,"0",NA,0,"0",NA,0,"0","0","0","0","0","0","0","0","0","0","0","0","0","0","0",NA,0,"0",NA,0,"0",NA,0,"0","0","0","0","0","0","0","0","0","0","0","0","0","0","",NA,NA,NA,NA,NA,"MIA","miami-heat","Southeast","Heat","MIL","milwaukee-bucks","Central","Bucks"
2020-12-29,"Milwaukee","Miami","W","144","97",0,0,0,2021,"Regular-Season","Non-Playoff","401267211",0,0,0,0,0,0,0,0,0,0,"0",NA,0,"0",NA,0,"0",NA,0,"0","0","0","0","0","0","0","0","0","0","0","0","0","0","0",NA,0,"0",NA,0,"0",NA,0,"0","0","0","0","0","0","0","0","0","0","0","0","0","0","",NA,NA,NA,NA,NA,"MIL","milwaukee-bucks","Central","Bucks","MIA","miami-heat","Southeast","Heat"
2020-12-28,"Oklahoma City","Utah","L","109","110",1,0,0,2021,"Regular-Season","Non-Playoff","401267212",0,0,0,0,0,0,0,0,0,0,"0",NA,0,"0",NA,0,"0",NA,0,"0","0","0","0","0","0","0","0","0","0","0","0","0","0","0",NA,0,"0",NA,0,"0",NA,0,"0","0","0","0","0","0","0","0","0","0","0","0","0","0","",NA,NA,NA,NA,NA,"OKC","oklahoma-city-thunder","Northwest","Thunder","UTAH","utah-jazz","Northwest","Jazz"
2020-12-29,"Orlando","Oklahoma City","W","118","107",0,0,0,2021,"Regular-Season","Non-Playoff","401267212",0,0,0,0,0,0,0,0,0,0,"0",NA,0,"0",NA,0,"0",NA,0,"0","0","0","0","0","0","0","0","0","0","0","0","0","0","0",NA,0,"0",NA,0,"0",NA,0,"0","0","0","0","0","0","0","0","0","0","0","0","0","0","",NA,NA,NA,NA,NA,"ORL","orlando-magic","Southeast","Magic","OKC","oklahoma-city-thunder","Northwest","Thunder"
2020-12-29,"New Orleans","Phoenix","L","86","111",0,0,0,2021,"Regular-Season","Non-Playoff","401267213",0,0,0,0,0,0,0,0,0,0,"0",NA,0,"0",NA,0,"0",NA,0,"0","0","0","0","0","0","0","0","0","0","0","0","0","0","0",NA,0,"0",NA,0,"0",NA,0,"0","0","0","0","0","0","0","0","0","0","0","0","0","0","",NA,NA,NA,NA,NA,"NO","new-orleans-pelicans","Southwest","Pelicans","PHX","phoenix-suns","Pacific","Suns"
2020-12-29,"Phoenix","New Orleans","W","111","86",1,0,0,2021,"Regular-Season","Non-Playoff","401267213",0,0,0,0,0,0,0,0,0,0,"0",NA,0,"0",NA,0,"0",NA,0,"0","0","0","0","0","0","0","0","0","0","0","0","0","0","0",NA,0,"0",NA,0,"0",NA,0,"0","0","0","0","0","0","0","0","0","0","0","0","0","0","",NA,NA,NA,NA,NA,"PHX","phoenix-suns","Pacific","Suns","NO","new-orleans-pelicans","Southwest","Pelicans"
2020-12-29,"LA","Minnesota","W","124","101",1,0,0,2021,"Regular-Season","Non-Playoff","401267214",0,0,0,0,0,0,0,0,0,0,"0",NA,0,"0",NA,0,"0",NA,0,"0","0","0","0","0","0","0","0","0","0","0","0","0","0","0",NA,0,"0",NA,0,"0",NA,0,"0","0","0","0","0","0","0","0","0","0","0","0","0","0","",NA,NA,NA,NA,NA,"LAC","la-clippers","Pacific","Clippers","MIN","minnesota-timberwolves","Northwest","Timberwolves"
2020-12-29,"Minnesota","LA","L","101","124",0,0,0,2021,"Regular-Season","Non-Playoff","401267214",0,0,0,0,0,0,0,0,0,0,"0",NA,0,"0",NA,0,"0",NA,0,"0","0","0","0","0","0","0","0","0","0","0","0","0","0","0",NA,0,"0",NA,0,"0",NA,0,"0","0","0","0","0","0","0","0","0","0","0","0","0","0","",NA,NA,NA,NA,NA,"MIN","minnesota-timberwolves","Northwest","Timberwolves","LAC","la-clippers","Pacific","Clippers"
2020-12-29,"Denver","Sacramento","L","115","125",0,0,0,2021,"Regular-Season","Non-Playoff","401267215",0,0,0,0,0,0,0,0,0,0,"0",NA,0,"0",NA,0,"0",NA,0,"0","0","0","0","0","0","0","0","0","0","0","0","0","0","0",NA,0,"0",NA,0,"0",NA,0,"0","0","0","0","0","0","0","0","0","0","0","0","0","0","",NA,NA,NA,NA,NA,"DEN","denver-nuggets","Northwest","Nuggets","SAC","sacramento-kings","Pacific","Kings"
2020-12-29,"Sacramento","Denver","W","125","115",1,0,0,2021,"Regular-Season","Non-Playoff","401267215",0,0,0,0,0,0,0,0,0,0,"0",NA,0,"0",NA,0,"0",NA,0,"0","0","0","0","0","0","0","0","0","0","0","0","0","0","0",NA,0,"0",NA,0,"0",NA,0,"0","0","0","0","0","0","0","0","0","0","0","0","0","0","",NA,NA,NA,NA,NA,"SAC","sacramento-kings","Pacific","Kings","DEN","denver-nuggets","Northwest","Nuggets"
2020-12-28,"Houston","Denver","L","111","124",0,0,0,2021,"Regular-Season","Non-Playoff","401267225",0,0,0,0,0,0,0,0,0,0,"0",NA,0,"0",NA,0,"0",NA,0,"0","0","0","0","0","0","0","0","0","0","0","0","0","0","0",NA,0,"0",NA,0,"0",NA,0,"0","0","0","0","0","0","0","0","0","0","0","0","0","0","",NA,NA,NA,NA,NA,"HOU","houston-rockets","Southwest","Rockets","DEN","denver-nuggets","Northwest","Nuggets"
2020-12-29,"Oklahoma City","Orlando","L","107","118",1,0,0,2021,"Regular-Season","Non-Playoff","401267227",0,0,0,0,0,0,0,0,0,0,"0",NA,0,"0",NA,0,"0",NA,0,"0","0","0","0","0","0","0","0","0","0","0","0","0","0","0",NA,0,"0",NA,0,"0",NA,0,"0","0","0","0","0","0","0","0","0","0","0","0","0","0","",NA,NA,NA,NA,NA,"OKC","oklahoma-city-thunder","Northwest","Thunder","ORL","orlando-magic","Southeast","Magic"
