"Players","MIN","FG_Made","FG_Att","THREES_Made","THREES_Att","FT_Made","FT_Att","OREB","DREB","REB","AST","STL","BLK","TO","PF","PLUS_MINUS","PTS","Position","Reason_For_Benching","Played","Player_Id","Player_Id_Str","Team","Opponent","Game_Id","Date","Home","Neutral","OT_Rounds","Season","Season_Type","Result","Playoff_Round"
"K. Love","28","4","9","1","4","6","7","3","8","11","0","0","0","2","2","1","15","F","Played",TRUE,"3449","kevin-love","CLE","BOS","400974437",2017-10-17,TRUE,0,0,2018,"Regular-Season","W","Non-Playoff"
"J. Crowder","35","3","10","1","5","4","4","1","4","5","2","2","0","1","2","7","11","F","Played",TRUE,"6581","jae-crowder","CLE","BOS","400974437",2017-10-17,TRUE,0,0,2018,"Regular-Season","W","Non-Playoff"
"L. James","41","12","19","1","5","4","4","1","15","16","9","0","2","4","3","2","29","F","Played",TRUE,"1966","lebron-james","CLE","BOS","400974437",2017-10-17,TRUE,0,0,2018,"Regular-Season","W","Non-Playoff"
"D. Rose","31","5","14","1","3","3","4","1","3","4","2","0","0","2","2","-7","14","G","Played",TRUE,"3456","derrick-rose","CLE","BOS","400974437",2017-10-17,TRUE,0,0,2018,"Regular-Season","W","Non-Playoff"
"D. Wade","29","3","10","0","1","2","2","1","1","2","3","0","2","4","1","0","8","G","Played",TRUE,"1987","dwyane-wade","CLE","BOS","400974437",2017-10-17,TRUE,0,0,2018,"Regular-Season","W","Non-Playoff"
"J. Green","14","3","8","0","1","0","0","0","0","0","0","0","0","1","3","-2","6","F","Played",TRUE,"3209","jeff-green","CLE","BOS","400974437",2017-10-17,TRUE,0,0,2018,"Regular-Season","W","Non-Playoff"
"T. Thompson","20","2","3","0","0","1","3","1","5","6","2","0","0","2","3","2","5","F","Played",TRUE,"6474","tristan-thompson","CLE","BOS","400974437",2017-10-17,TRUE,0,0,2018,"Regular-Season","W","Non-Playoff"
"I. Shumpert","13","2","3","0","0","0","0","1","1","2","0","1","0","1","3","6","4","G","Played",TRUE,"6468","iman-shumpert","CLE","BOS","400974437",2017-10-17,TRUE,0,0,2018,"Regular-Season","W","Non-Playoff"
"K. Korver","7","0","0","0","0","0","0","0","0","0","0","0","0","0","2","-1","0","G","Played",TRUE,"2011","kyle-korver","CLE","BOS","400974437",2017-10-17,TRUE,0,0,2018,"Regular-Season","W","Non-Playoff"
"J. Smith","22","4","7","1","3","1","1","0","4","4","1","0","0","0","4","7","10","G","Played",TRUE,"2444","jr-smith","CLE","BOS","400974437",2017-10-17,TRUE,0,0,2018,"Regular-Season","W","Non-Playoff"
"C. Frye","0","0","0","0","0","0","0","0","0","0","0","0","0","0","0","0","0","F","DNP-COACH'S DECISION",FALSE,"2754","channing-frye","CLE","BOS","400974437",2017-10-17,TRUE,0,0,2018,"Regular-Season","W","Non-Playoff"
"C. Osman","0","0","0","0","0","0","0","0","0","0","0","0","0","0","0","0","0","F","DNP-COACH'S DECISION",FALSE,"3893016","cedi-osman","CLE","BOS","400974437",2017-10-17,TRUE,0,0,2018,"Regular-Season","W","Non-Playoff"
"J. Calderon","0","0","0","0","0","0","0","0","0","0","0","0","0","0","0","0","0","G","DNP-COACH'S DECISION",FALSE,"2806","jose-calderon","CLE","BOS","400974437",2017-10-17,TRUE,0,0,2018,"Regular-Season","W","Non-Playoff"
"G. Hayward","5","1","2","0","1","0","0","0","1","1","0","0","0","0","1","3","2","F","Played",TRUE,"4249","gordon-hayward","BOS","CLE","400974437",2017-10-17,FALSE,0,0,2018,"Regular-Season","L","Non-Playoff"
"J. Tatum","37","5","12","1","2","3","3","4","6","10","3","0","0","1","4","6","14","F","Played",TRUE,"4065648","jayson-tatum","BOS","CLE","400974437",2017-10-17,FALSE,0,0,2018,"Regular-Season","L","Non-Playoff"
"A. Horford","32","2","7","0","2","5","7","0","7","7","5","0","1","0","2","8","9","C","Played",TRUE,"3213","al-horford","BOS","CLE","400974437",2017-10-17,FALSE,0,0,2018,"Regular-Season","L","Non-Playoff"
"K. Irving","39","8","17","4","9","2","2","2","2","4","10","3","0","2","4","-1","22","G","Played",TRUE,"6442","kyrie-irving","BOS","CLE","400974437",2017-10-17,FALSE,0,0,2018,"Regular-Season","L","Non-Playoff"
"J. Brown","40","11","23","2","9","1","2","1","5","6","0","2","0","3","5","-5","25","G","Played",TRUE,"3917376","jaylen-brown","BOS","CLE","400974437",2017-10-17,FALSE,0,0,2018,"Regular-Season","L","Non-Playoff"
"S. Ojeleye","9","0","2","0","1","0","0","0","0","0","0","0","0","0","1","-10","0","F","Played",TRUE,"3056602","semi-ojeleye","BOS","CLE","400974437",2017-10-17,FALSE,0,0,2018,"Regular-Season","L","Non-Playoff"
"A. Baynes","19","2","2","0","0","2","4","2","3","5","1","0","1","2","5","-14","6","C","Played",TRUE,"2968439","aron-baynes","BOS","CLE","400974437",2017-10-17,FALSE,0,0,2018,"Regular-Season","L","Non-Playoff"
"M. Smart","35","5","16","0","4","2","3","0","9","9","3","2","2","2","2","-8","12","G","Played",TRUE,"2990992","marcus-smart","BOS","CLE","400974437",2017-10-17,FALSE,0,0,2018,"Regular-Season","L","Non-Playoff"
"T. Rozier","20","2","6","1","3","4","4","0","3","3","2","4","0","0","0","4","9","G","Played",TRUE,"3074752","terry-rozier","BOS","CLE","400974437",2017-10-17,FALSE,0,0,2018,"Regular-Season","L","Non-Playoff"
"S. Larkin","5","0","1","0","1","0","0","0","1","1","0","0","0","0","0","2","0","G","Played",TRUE,"2596158","shane-larkin","BOS","CLE","400974437",2017-10-17,FALSE,0,0,2018,"Regular-Season","L","Non-Playoff"
"A. Nader","0","0","0","0","0","0","0","0","0","0","0","0","0","0","0","0","0","F","DNP-COACH'S DECISION",FALSE,"2595435","abdel-nader","BOS","CLE","400974437",2017-10-17,FALSE,0,0,2018,"Regular-Season","L","Non-Playoff"
"D. Theis","0","0","0","0","0","0","0","0","0","0","0","0","0","0","0","0","0","C","DNP-COACH'S DECISION",FALSE,"2451037","daniel-theis","BOS","CLE","400974437",2017-10-17,FALSE,0,0,2018,"Regular-Season","L","Non-Playoff"
"K. Durant","38","7","15","2","5","4","5","1","4","5","7","0","4","8","4","11","20","F","Played",TRUE,"3202","kevin-durant","GS","HOU","400974438",2017-10-17,TRUE,0,0,2018,"Regular-Season","L","Non-Playoff"
"D. Green","28","2","6","1","2","4","4","1","10","11","13","0","0","2","3","7","9","F","Played",TRUE,"6589","draymond-green","GS","HOU","400974438",2017-10-17,TRUE,0,0,2018,"Regular-Season","L","Non-Playoff"
"Z. Pachulia","10","2","2","0","0","2","2","0","3","3","0","0","1","0","1","8","6","C","Played",TRUE,"2016","zaza-pachulia","GS","HOU","400974438",2017-10-17,TRUE,0,0,2018,"Regular-Season","L","Non-Playoff"
"S. Curry","30","8","18","3","9","3","3","0","5","5","4","1","0","2","4","9","22","G","Played",TRUE,"3975","stephen-curry","GS","HOU","400974438",2017-10-17,TRUE,0,0,2018,"Regular-Season","L","Non-Playoff"
"K. Thompson","38","6","14","4","7","0","0","0","6","6","3","2","2","1","0","0","16","G","Played",TRUE,"6475","klay-thompson","GS","HOU","400974438",2017-10-17,TRUE,0,0,2018,"Regular-Season","L","Non-Playoff"
"K. Looney","8","0","0","0","0","1","2","0","2","2","0","1","0","0","2","-7","1","F","Played",TRUE,"3155535","kevon-looney","GS","HOU","400974438",2017-10-17,TRUE,0,0,2018,"Regular-Season","L","Non-Playoff"
"D. West","9","2","3","0","0","0","0","1","0","1","0","0","1","1","0","0","4","F","Played",TRUE,"2177","david-west","GS","HOU","400974438",2017-10-17,TRUE,0,0,2018,"Regular-Season","L","Non-Playoff"
"O. Casspi","4","0","0","0","0","2","2","0","1","1","0","0","0","0","0","-4","2","F","Played",TRUE,"3554","omri-casspi","GS","HOU","400974438",2017-10-17,TRUE,0,0,2018,"Regular-Season","L","Non-Playoff"
"J. Bell","12","4","5","0","0","0","0","0","1","1","1","0","0","1","4","-2","8","F","Played",TRUE,"3064427","jordan-bell","GS","HOU","400974438",2017-10-17,TRUE,0,0,2018,"Regular-Season","L","Non-Playoff"
"P. McCaw","19","2","3","0","0","0","0","1","2","3","1","1","1","0","1","-9","4","F","Played",TRUE,"3137730","patrick-mccaw","GS","HOU","400974438",2017-10-17,TRUE,0,0,2018,"Regular-Season","L","Non-Playoff"
"S. Livingston","19","2","5","0","0","2","2","1","0","1","5","0","0","1","2","-8","6","G","Played",TRUE,"2393","shaun-livingston","GS","HOU","400974438",2017-10-17,TRUE,0,0,2018,"Regular-Season","L","Non-Playoff"
"N. Young","26","8","9","6","7","1","1","1","1","2","0","0","0","1","4","-10","23","G","Played",TRUE,"3243","nick-young","GS","HOU","400974438",2017-10-17,TRUE,0,0,2018,"Regular-Season","L","Non-Playoff"
"J. McGee","0","0","0","0","0","0","0","0","0","0","0","0","0","0","0","0","0","C","DNP-COACH'S DECISION",FALSE,"3452","javale-mcgee","GS","HOU","400974438",2017-10-17,TRUE,0,0,2018,"Regular-Season","L","Non-Playoff"
"R. Anderson","33","5","12","3","8","0","0","3","5","8","1","1","1","0","3","8","13","F","Played",TRUE,"3412","ryan-anderson","HOU","GS","400974438",2017-10-17,FALSE,0,0,2018,"Regular-Season","W","Non-Playoff"
"T. Ariza","38","3","9","2","5","0","0","1","5","6","5","2","0","1","2","-8","8","F","Played",TRUE,"2426","trevor-ariza","HOU","GS","400974438",2017-10-17,FALSE,0,0,2018,"Regular-Season","W","Non-Playoff"
"C. Capela","18","6","10","0","0","0","1","1","3","4","0","1","1","2","0","-23","12","C","Played",TRUE,"3102529","clint-capela","HOU","GS","400974438",2017-10-17,FALSE,0,0,2018,"Regular-Season","W","Non-Playoff"
"C. Paul","33","2","9","0","4","0","0","1","7","8","10","2","1","1","4","-13","4","G","Played",TRUE,"2779","chris-paul","HOU","GS","400974438",2017-10-17,FALSE,0,0,2018,"Regular-Season","W","Non-Playoff"
"J. Harden","36","10","23","4","9","3","4","1","5","6","11","1","0","3","2","1","27","G","Played",TRUE,"3992","james-harden","HOU","GS","400974438",2017-10-17,FALSE,0,0,2018,"Regular-Season","W","Non-Playoff"
"P.J. Tucker","29","6","9","4","6","4","6","1","5","6","0","1","0","1","3","20","20","F","Played",TRUE,"3033","pj-tucker","HOU","GS","400974438",2017-10-17,FALSE,0,0,2018,"Regular-Season","W","Non-Playoff"
"L. Mbah a Moute","23","6","9","2","3","0","0","2","2","4","0","0","0","2","1","4","14","F","Played",TRUE,"3451","luc-mbah-a-moute","HOU","GS","400974438",2017-10-17,FALSE,0,0,2018,"Regular-Season","W","Non-Playoff"
"E. Gordon","29","9","16","0","6","6","8","0","1","1","1","1","2","2","1","16","24","G","Played",TRUE,"3431","eric-gordon","HOU","GS","400974438",2017-10-17,FALSE,0,0,2018,"Regular-Season","W","Non-Playoff"
"N. Hilario","0","0","0","0","0","0","0","0","0","0","0","0","0","0","0","0","0","C","DNP-COACH'S DECISION",FALSE,"1713","nene","HOU","GS","400974438",2017-10-17,FALSE,0,0,2018,"Regular-Season","W","Non-Playoff"
"T. Black","0","0","0","0","0","0","0","0","0","0","0","0","0","0","0","0","0","C","DNP-COACH'S DECISION",FALSE,"2528393","tarik-black","HOU","GS","400974438",2017-10-17,FALSE,0,0,2018,"Regular-Season","W","Non-Playoff"
"Z. Qi","0","0","0","0","0","0","0","0","0","0","0","0","0","0","0","0","0","C","DNP-COACH'S DECISION",FALSE,"3892894","zhou-qi","HOU","GS","400974438",2017-10-17,FALSE,0,0,2018,"Regular-Season","W","Non-Playoff"
"B. Brown","0","0","0","0","0","0","0","0","0","0","0","0","0","0","0","0","0","G","DNP-COACH'S DECISION",FALSE,"3472","bobby-brown","HOU","GS","400974438",2017-10-17,FALSE,0,0,2018,"Regular-Season","W","Non-Playoff"
"D. Jackson","0","0","0","0","0","0","0","0","0","0","0","0","0","0","0","0","0","G","DNP-COACH'S DECISION",FALSE,"3059273","demetrius-jackson","HOU","GS","400974438",2017-10-17,FALSE,0,0,2018,"Regular-Season","W","Non-Playoff"
"J. Smith","7","0","1","0","1","0","0","1","0","1","0","0","0","0","1","4","0","F","Played",TRUE,"3232","jason-smith","WSH","PHI","400974439",2017-10-18,TRUE,0,0,2018,"Regular-Season","W","Non-Playoff"
"O. Porter Jr.","33","5","11","0","3","0","0","2","6","8","0","3","1","0","3","14","10","F","Played",TRUE,"2594922","otto-porter-jr","WSH","PHI","400974439",2017-10-18,TRUE,0,0,2018,"Regular-Season","W","Non-Playoff"
"M. Gortat","34","7","12","0","0","2","3","5","12","17","1","0","3","1","3","16","16","C","Played",TRUE,"2758","marcin-gortat","WSH","PHI","400974439",2017-10-18,TRUE,0,0,2018,"Regular-Season","W","Non-Playoff"
"J. Wall","37","10","28","0","3","8","9","2","3","5","8","0","2","2","2","19","28","G","Played",TRUE,"4237","john-wall","WSH","PHI","400974439",2017-10-18,TRUE,0,0,2018,"Regular-Season","W","Non-Playoff"
"B. Beal","36","6","17","1","4","12","16","2","4","6","4","3","1","2","2","12","25","G","Played",TRUE,"6580","bradley-beal","WSH","PHI","400974439",2017-10-18,TRUE,0,0,2018,"Regular-Season","W","Non-Playoff"
"M. Scott","15","3","6","1","3","0","0","0","2","2","0","0","0","1","0","-9","7","F","Played",TRUE,"6622","mike-scott","WSH","PHI","400974439",2017-10-18,TRUE,0,0,2018,"Regular-Season","W","Non-Playoff"
"I. Mahinmi","14","3","3","0","0","0","0","2","2","4","1","0","1","1","4","-11","6","C","Played",TRUE,"2774","ian-mahinmi","WSH","PHI","400974439",2017-10-18,TRUE,0,0,2018,"Regular-Season","W","Non-Playoff"
"K. Oubre Jr.","32","5","10","3","6","1","3","2","6","8","2","2","2","0","2","-4","14","G","Played",TRUE,"3133603","kelly-oubre-jr","WSH","PHI","400974439",2017-10-18,TRUE,0,0,2018,"Regular-Season","W","Non-Playoff"
"J. Meeks","19","3","8","1","2","7","7","0","1","1","0","0","0","0","0","-4","14","G","Played",TRUE,"4003","jodie-meeks","WSH","PHI","400974439",2017-10-18,TRUE,0,0,2018,"Regular-Season","W","Non-Playoff"
"T. Frazier","13","0","1","0","0","0","0","0","0","0","5","0","0","2","3","-12","0","G","Played",TRUE,"2488945","tim-frazier","WSH","PHI","400974439",2017-10-18,TRUE,0,0,2018,"Regular-Season","W","Non-Playoff"
"M. Morris","0","0","0","0","0","0","0","0","0","0","0","0","0","0","0","0","0","F","DNP-INJURED",FALSE,"6461","markieff-morris","WSH","PHI","400974439",2017-10-18,TRUE,0,0,2018,"Regular-Season","W","Non-Playoff"
"D. Robinson","0","0","0","0","0","0","0","0","0","0","0","0","0","0","0","0","0","F","DNP-COACH'S DECISION",FALSE,"3137798","devin-robinson","WSH","PHI","400974439",2017-10-18,TRUE,0,0,2018,"Regular-Season","W","Non-Playoff"
"C. McCullough","0","0","0","0","0","0","0","0","0","0","0","0","0","0","0","0","0","F","DNP-COACH'S DECISION",FALSE,"3153165","chris-mccullough","WSH","PHI","400974439",2017-10-18,TRUE,0,0,2018,"Regular-Season","W","Non-Playoff"
"M. Young","0","0","0","0","0","0","0","0","0","0","0","0","0","0","0","0","0","F","DNP-DND - Two-Way Contract",FALSE,"3059279","mike-young","WSH","PHI","400974439",2017-10-18,TRUE,0,0,2018,"Regular-Season","W","Non-Playoff"
"T. Satoransky","0","0","0","0","0","0","0","0","0","0","0","0","0","0","0","0","0","G","DNP-COACH'S DECISION",FALSE,"6621","tomas-satoransky","WSH","PHI","400974439",2017-10-18,TRUE,0,0,2018,"Regular-Season","W","Non-Playoff"
"C. Felix","0","0","0","0","0","0","0","0","0","0","0","0","0","0","0","0","0","G","DNP-COACH'S DECISION",FALSE,"2531185","carrick-felix","WSH","PHI","400974439",2017-10-18,TRUE,0,0,2018,"Regular-Season","W","Non-Playoff"
"S. Mac","0","0","0","0","0","0","0","0","0","0","0","0","0","0","0","0","0","G","DNP-INJURED",FALSE,"2594885","sheldon-mac","WSH","PHI","400974439",2017-10-18,TRUE,0,0,2018,"Regular-Season","W","Non-Playoff"
"R. Covington","29","9","15","7","11","4","4","2","5","7","1","1","2","5","4","10","29","F","Played",TRUE,"2490620","robert-covington","PHI","WSH","400974439",2017-10-18,FALSE,0,0,2018,"Regular-Season","L","Non-Playoff"
"J. Embiid","27","7","15","0","4","4","4","1","12","13","3","0","1","4","2","1","18","C","Played",TRUE,"3059318","joel-embiid","PHI","WSH","400974439",2017-10-18,FALSE,0,0,2018,"Regular-Season","L","Non-Playoff"
"B. Simmons","35","7","14","0","0","4","6","3","7","10","5","2","1","1","3","3","18","G","Played",TRUE,"3907387","ben-simmons","PHI","WSH","400974439",2017-10-18,FALSE,0,0,2018,"Regular-Season","L","Non-Playoff"
"J. Redick","32","4","10","4","8","0","0","0","2","2","4","1","0","2","4","17","12","G","Played",TRUE,"3024","jj-redick","PHI","WSH","400974439",2017-10-18,FALSE,0,0,2018,"Regular-Season","L","Non-Playoff"
"J. Bayless","28","5","10","3","7","0","0","0","3","3","3","1","0","2","4","11","13","G","Played",TRUE,"3417","jerryd-bayless","PHI","WSH","400974439",2017-10-18,FALSE,0,0,2018,"Regular-Season","L","Non-Playoff"
"D. Saric","23","1","5","0","2","1","1","1","2","3","2","0","1","0","3","-9","3","F","Played",TRUE,"3032978","dario-saric","PHI","WSH","400974439",2017-10-18,FALSE,0,0,2018,"Regular-Season","L","Non-Playoff"
"A. Johnson","15","2","7","0","0","1","2","1","4","5","1","0","0","1","6","-7","5","F","Played",TRUE,"2769","amir-johnson","PHI","WSH","400974439",2017-10-18,FALSE,0,0,2018,"Regular-Season","L","Non-Playoff"
"T.J. McConnell","15","1","2","0","0","0","0","0","0","0","3","0","0","0","0","-14","2","G","Played",TRUE,"2530530","tj-mcconnell","PHI","WSH","400974439",2017-10-18,FALSE,0,0,2018,"Regular-Season","L","Non-Playoff"
"M. Fultz","18","5","9","0","0","0","2","2","1","3","1","0","1","2","0","-18","10","G","Played",TRUE,"4066636","markelle-fultz","PHI","WSH","400974439",2017-10-18,FALSE,0,0,2018,"Regular-Season","L","Non-Playoff"
"T. Luwawu-Cabarrot","18","2","6","1","3","0","0","1","1","2","2","1","0","0","2","-19","5","G","Played",TRUE,"3893019","timothe-luwawu-cabarrot","PHI","WSH","400974439",2017-10-18,FALSE,0,0,2018,"Regular-Season","L","Non-Playoff"
"J. Anderson","0","0","0","0","0","0","0","0","0","0","0","0","0","0","0","0","0","F","DNP-COACH'S DECISION",FALSE,"2982340","justin-anderson","PHI","WSH","400974439",2017-10-18,FALSE,0,0,2018,"Regular-Season","L","Non-Playoff"
"J. McAdoo","0","0","0","0","0","0","0","0","0","0","0","0","0","0","0","0","0","F","DNP-COACH'S DECISION",FALSE,"2594818","james-michael-mcadoo","PHI","WSH","400974439",2017-10-18,FALSE,0,0,2018,"Regular-Season","L","Non-Playoff"
"R. Holmes","0","0","0","0","0","0","0","0","0","0","0","0","0","0","0","0","0","C","DNP-INJURED",FALSE,"2993370","richaun-holmes","PHI","WSH","400974439",2017-10-18,FALSE,0,0,2018,"Regular-Season","L","Non-Playoff"
"J. Okafor","0","0","0","0","0","0","0","0","0","0","0","0","0","0","0","0","0","C","DNP-COACH'S DECISION",FALSE,"3135048","jahlil-okafor","PHI","WSH","400974439",2017-10-18,FALSE,0,0,2018,"Regular-Season","L","Non-Playoff"
"J. Pullen","0","0","0","0","0","0","0","0","0","0","0","0","0","0","0","0","0","G","DNP-COACH'S DECISION",FALSE,"2282622","jacob-pullen","PHI","WSH","400974439",2017-10-18,FALSE,0,0,2018,"Regular-Season","L","Non-Playoff"
"N. Stauskas","0","0","0","0","0","0","0","0","0","0","0","0","0","0","0","0","0","G","DNP-COACH'S DECISION",FALSE,"2991042","nik-stauskas","PHI","WSH","400974439",2017-10-18,FALSE,0,0,2018,"Regular-Season","L","Non-Playoff"
"P. Gasol","29","3","8","1","3","0","0","2","5","7","4","0","3","1","1","6","7","F","Played",TRUE,"996","pau-gasol","SA","MIN","400974440",2017-10-18,TRUE,0,0,2018,"Regular-Season","W","Non-Playoff"
"D. Green","33","7","16","3","7","0","0","0","4","4","2","2","2","2","2","11","17","F","Played",TRUE,"3988","danny-green","SA","MIN","400974440",2017-10-18,TRUE,0,0,2018,"Regular-Season","W","Non-Playoff"
"K. Anderson","30","5","9","1","1","1","2","0","9","9","1","0","1","0","1","1","12","F","Played",TRUE,"2993874","kyle-anderson","SA","MIN","400974440",2017-10-18,TRUE,0,0,2018,"Regular-Season","W","Non-Playoff"
"L. Aldridge","39","9","21","1","2","6","7","5","5","10","4","0","2","3","2","15","25","C","Played",TRUE,"2983","lamarcus-aldridge","SA","MIN","400974440",2017-10-18,TRUE,0,0,2018,"Regular-Season","W","Non-Playoff"
"D. Murray","25","7","8","0","0","2","2","2","3","5","2","2","1","2","4","4","16","G","Played",TRUE,"3907497","dejounte-murray","SA","MIN","400974440",2017-10-18,TRUE,0,0,2018,"Regular-Season","W","Non-Playoff"
"J. Lauvergne","13","2","6","0","0","0","0","2","1","3","1","0","0","1","0","0","4","F","Played",TRUE,"2959753","joffrey-lauvergne","SA","MIN","400974440",2017-10-18,TRUE,0,0,2018,"Regular-Season","W","Non-Playoff"
"R. Gay","24","5","9","0","1","4","4","1","4","5","2","1","0","0","3","3","14","F","Played",TRUE,"3005","rudy-gay","SA","MIN","400974440",2017-10-18,TRUE,0,0,2018,"Regular-Season","W","Non-Playoff"
"D. Bertans","4","0","1","0","1","0","0","0","2","2","0","0","0","0","0","-6","0","F","Played",TRUE,"6426","davis-bertans","SA","MIN","400974440",2017-10-18,TRUE,0,0,2018,"Regular-Season","W","Non-Playoff"
"P. Mills","22","1","4","1","2","0","0","0","2","2","2","2","1","1","3","6","3","G","Played",TRUE,"4004","patty-mills","SA","MIN","400974440",2017-10-18,TRUE,0,0,2018,"Regular-Season","W","Non-Playoff"
"D. White","0","0","0","0","0","0","0","0","0","0","0","0","0","0","0","-2","0","G","Played",TRUE,"3078576","derrick-white","SA","MIN","400974440",2017-10-18,TRUE,0,0,2018,"Regular-Season","W","Non-Playoff"
"B. Forbes","0","0","0","0","0","0","0","0","0","0","0","0","0","0","0","-2","0","G","Played",TRUE,"2994526","bryn-forbes","SA","MIN","400974440",2017-10-18,TRUE,0,0,2018,"Regular-Season","W","Non-Playoff"
"M. Ginobili","21","2","7","1","4","4","4","0","3","3","4","1","1","1","2","6","9","G","Played",TRUE,"272","manu-ginobili","SA","MIN","400974440",2017-10-18,TRUE,0,0,2018,"Regular-Season","W","Non-Playoff"
"B. Paul","0","0","0","0","0","0","0","0","0","0","0","0","0","0","0","-2","0","G","Played",TRUE,"2488911","brandon-paul","SA","MIN","400974440",2017-10-18,TRUE,0,0,2018,"Regular-Season","W","Non-Playoff"
"J. Butler","35","5","12","2","3","0","0","0","4","4","3","1","0","3","3","-19","12","F","Played",TRUE,"6430","jimmy-butler","MIN","SA","400974440",2017-10-18,FALSE,0,0,2018,"Regular-Season","L","Non-Playoff"
"A. Wiggins","30","9","14","4","6","4","9","1","4","5","1","0","0","1","0","-19","26","F","Played",TRUE,"3059319","andrew-wiggins","MIN","SA","400974440",2017-10-18,FALSE,0,0,2018,"Regular-Season","L","Non-Playoff"
"T. Gibson","27","3","11","0","2","0","0","2","2","4","3","1","0","2","3","-17","6","C","Played",TRUE,"3986","taj-gibson","MIN","SA","400974440",2017-10-18,FALSE,0,0,2018,"Regular-Season","L","Non-Playoff"
"K. Towns","35","8","15","0","1","2","2","2","11","13","1","2","1","2","4","0","18","C","Played",TRUE,"3136195","karl-anthony-towns","MIN","SA","400974440",2017-10-18,FALSE,0,0,2018,"Regular-Season","L","Non-Playoff"
"J. Teague","25","3","6","1","2","4","5","0","2","2","6","1","1","1","1","-17","11","G","Played",TRUE,"4015","jeff-teague","MIN","SA","400974440",2017-10-18,FALSE,0,0,2018,"Regular-Season","L","Non-Playoff"
"N. Bjelica","13","3","8","1","2","2","2","1","2","3","1","0","0","0","0","15","9","F","Played",TRUE,"4269","nemanja-bjelica","MIN","SA","400974440",2017-10-18,FALSE,0,0,2018,"Regular-Season","L","Non-Playoff"
"S. Muhammad","14","1","6","0","1","0","0","1","1","2","0","0","1","0","2","11","2","F","Played",TRUE,"2993875","shabazz-muhammad","MIN","SA","400974440",2017-10-18,FALSE,0,0,2018,"Regular-Season","L","Non-Playoff"
"G. Dieng","14","1","5","0","1","0","0","3","1","4","2","1","0","2","1","-8","2","C","Played",TRUE,"2534781","gorgui-dieng","MIN","SA","400974440",2017-10-18,FALSE,0,0,2018,"Regular-Season","L","Non-Playoff"
"T. Jones","23","1","3","0","0","1","1","0","2","2","1","1","0","0","1","9","3","G","Played",TRUE,"3135046","tyus-jones","MIN","SA","400974440",2017-10-18,FALSE,0,0,2018,"Regular-Season","L","Non-Playoff"
"J. Crawford","24","3","5","0","1","4","4","1","2","3","5","0","1","2","1","5","10","G","Played",TRUE,"165","jamal-crawford","MIN","SA","400974440",2017-10-18,FALSE,0,0,2018,"Regular-Season","L","Non-Playoff"
"M. Georges-Hunt","0","0","0","0","0","0","0","0","0","0","0","0","0","0","0","0","0","F","DNP-COACH'S DECISION",FALSE,"2982261","marcus-georges-hunt","MIN","SA","400974440",2017-10-18,FALSE,0,0,2018,"Regular-Season","L","Non-Playoff"
"C. Aldrich","0","0","0","0","0","0","0","0","0","0","0","0","0","0","0","0","0","C","DNP-COACH'S DECISION",FALSE,"4267","cole-aldrich","MIN","SA","400974440",2017-10-18,FALSE,0,0,2018,"Regular-Season","L","Non-Playoff"
"A. Brooks","0","0","0","0","0","0","0","0","0","0","0","0","0","0","0","0","0","G","DNP-COACH'S DECISION",FALSE,"3192","aaron-brooks","MIN","SA","400974440",2017-10-18,FALSE,0,0,2018,"Regular-Season","L","Non-Playoff"
"C. Anthony","34","8","20","3","10","3","5","0","1","1","1","2","2","2","4","0","22","F","Played",TRUE,"1975","carmelo-anthony","OKC","NY","400974441",2017-10-19,TRUE,0,0,2018,"Regular-Season","W","Non-Playoff"
"S. Adams","30","5","5","0","0","2","3","2","3","5","1","5","3","1","3","26","12","C","Played",TRUE,"2991235","steven-adams","OKC","NY","400974441",2017-10-19,TRUE,0,0,2018,"Regular-Season","W","Non-Playoff"
"R. Westbrook","33","7","12","0","1","7","10","2","8","10","16","0","1","7","4","29","21","G","Played",TRUE,"3468","russell-westbrook","OKC","NY","400974441",2017-10-19,TRUE,0,0,2018,"Regular-Season","W","Non-Playoff"
"P. George","39","9","23","6","13","4","4","0","6","6","1","1","1","1","1","23","28","G","Played",TRUE,"4251","paul-george","OKC","NY","400974441",2017-10-19,TRUE,0,0,2018,"Regular-Season","W","Non-Playoff"
"A. Roberson","21","3","7","0","2","0","0","3","3","6","2","1","0","0","0","3","6","G","Played",TRUE,"2530596","andre-roberson","OKC","NY","400974441",2017-10-19,TRUE,0,0,2018,"Regular-Season","W","Non-Playoff"
"P. Patterson","7","0","2","0","2","0","0","0","2","2","0","0","0","1","0","-1","0","F","Played",TRUE,"4264","patrick-patterson","OKC","NY","400974441",2017-10-19,TRUE,0,0,2018,"Regular-Season","W","Non-Playoff"
"J. Huestis","3","0","0","0","0","0","0","1","0","1","0","0","0","1","0","0","0","F","Played",TRUE,"2531364","josh-huestis","OKC","NY","400974441",2017-10-19,TRUE,0,0,2018,"Regular-Season","W","Non-Playoff"
"J. Grant","21","2","6","1","3","0","0","2","1","3","2","0","0","2","4","14","5","F","Played",TRUE,"2991070","jerami-grant","OKC","NY","400974441",2017-10-19,TRUE,0,0,2018,"Regular-Season","W","Non-Playoff"
"T. Ferguson","11","1","5","0","2","0","0","0","0","0","0","0","0","1","1","0","2","F","Played",TRUE,"4230546","terrance-ferguson","OKC","NY","400974441",2017-10-19,TRUE,0,0,2018,"Regular-Season","W","Non-Playoff"
"D. Johnson","3","2","3","0","0","0","0","3","1","4","0","1","0","0","0","0","4","C","Played",TRUE,"3064516","dakari-johnson","OKC","NY","400974441",2017-10-19,TRUE,0,0,2018,"Regular-Season","W","Non-Playoff"
"R. Felton","16","1","2","0","0","0","0","0","0","0","3","3","0","0","2","-12","2","G","Played",TRUE,"2753","raymond-felton","OKC","NY","400974441",2017-10-19,TRUE,0,0,2018,"Regular-Season","W","Non-Playoff"
"A. Abrines","24","1","5","1","5","0","0","0","3","3","0","1","0","2","3","23","3","G","Played",TRUE,"2995702","alex-abrines","OKC","NY","400974441",2017-10-19,TRUE,0,0,2018,"Regular-Season","W","Non-Playoff"
"N. Collison","0","0","0","0","0","0","0","0","0","0","0","0","0","0","0","0","0","F","DNP-COACH'S DECISION",FALSE,"1978","nick-collison","OKC","NY","400974441",2017-10-19,TRUE,0,0,2018,"Regular-Season","W","Non-Playoff"
"K. Porzingis","38","11","25","2","6","7","9","3","9","12","1","0","1","2","3","-17","31","F","Played",TRUE,"3102531","kristaps-porzingis","NY","OKC","400974441",2017-10-19,FALSE,0,0,2018,"Regular-Season","L","Non-Playoff"
"T. Hardaway Jr.","29","3","10","2","7","0","0","0","0","0","1","0","0","2","5","-6","8","F","Played",TRUE,"2528210","tim-hardaway-jr","NY","OKC","400974441",2017-10-19,FALSE,0,0,2018,"Regular-Season","L","Non-Playoff"
"E. Kanter","22","5","10","0","1","0","0","2","5","7","1","3","0","4","1","-21","10","C","Played",TRUE,"6447","enes-kanter","NY","OKC","400974441",2017-10-19,FALSE,0,0,2018,"Regular-Season","L","Non-Playoff"
"R. Sessions","21","1","3","1","2","0","0","0","2","2","1","1","1","3","3","-23","3","G","Played",TRUE,"3231","ramon-sessions","NY","OKC","400974441",2017-10-19,FALSE,0,0,2018,"Regular-Season","L","Non-Playoff"
"C. Lee","31","4","9","1","2","0","0","0","2","2","3","1","0","2","0","-22","9","G","Played",TRUE,"3445","courtney-lee","NY","OKC","400974441",2017-10-19,FALSE,0,0,2018,"Regular-Season","L","Non-Playoff"
"M. Beasley","1","1","1","0","0","0","0","0","0","0","0","0","0","0","0","3","2","F","Played",TRUE,"3418","michael-beasley","NY","OKC","400974441",2017-10-19,FALSE,0,0,2018,"Regular-Season","L","Non-Playoff"
"L. Thomas","16","1","4","0","2","0","0","2","1","3","1","0","0","2","4","-23","2","F","Played",TRUE,"6485","lance-thomas","NY","OKC","400974441",2017-10-19,FALSE,0,0,2018,"Regular-Season","L","Non-Playoff"
"D. McDermott","24","2","5","0","1","0","0","1","2","3","4","0","1","1","0","4","4","F","Played",TRUE,"2528588","doug-mcdermott","NY","OKC","400974441",2017-10-19,FALSE,0,0,2018,"Regular-Season","L","Non-Playoff"
"K. O'Quinn","22","2","5","0","1","2","2","3","7","10","2","0","0","2","4","-2","6","C","Played",TRUE,"6615","kyle-oquinn","NY","OKC","400974441",2017-10-19,FALSE,0,0,2018,"Regular-Season","L","Non-Playoff"
"W. Hernangomez","4","1","1","0","0","1","1","0","0","0","0","0","1","2","0","0","3","C","Played",TRUE,"2999409","willy-hernangomez","NY","OKC","400974441",2017-10-19,FALSE,0,0,2018,"Regular-Season","L","Non-Playoff"
"F. Ntilikina","8","0","2","0","0","0","0","0","0","0","1","0","0","1","2","-2","0","G","Played",TRUE,"4230547","frank-ntilikina","NY","OKC","400974441",2017-10-19,FALSE,0,0,2018,"Regular-Season","L","Non-Playoff"
"D. Dotson","3","0","1","0","0","0","0","0","0","0","0","0","0","0","0","0","0","G","Played",TRUE,"2991149","damyean-dotson","NY","OKC","400974441",2017-10-19,FALSE,0,0,2018,"Regular-Season","L","Non-Playoff"
"R. Baker","23","1","3","1","2","3","7","0","2","2","4","3","0","4","1","4","6","G","Played",TRUE,"2580349","ron-baker","NY","OKC","400974441",2017-10-19,FALSE,0,0,2018,"Regular-Season","L","Non-Playoff"
"L. Nance Jr.","30","7","11","0","0","0","2","3","9","12","0","0","1","3","3","3","14","F","Played",TRUE,"2580365","larry-nance-jr","LAL","LAC","400974442",2017-10-19,TRUE,0,0,2018,"Regular-Season","L","Non-Playoff"
"L. Deng","13","1","2","0","0","0","0","0","0","0","1","1","0","1","0","-7","2","F","Played",TRUE,"2429","luol-deng","LAL","LAC","400974442",2017-10-19,TRUE,0,0,2018,"Regular-Season","L","Non-Playoff"
"B. Ingram","31","3","15","0","1","6","7","0","5","5","4","0","0","1","1","-2","12","F","Played",TRUE,"3913176","brandon-ingram","LAL","LAC","400974442",2017-10-19,TRUE,0,0,2018,"Regular-Season","L","Non-Playoff"
"B. Lopez","29","7","19","1","5","5","5","4","2","6","2","1","1","1","3","-1","20","C","Played",TRUE,"3448","brook-lopez","LAL","LAC","400974442",2017-10-19,TRUE,0,0,2018,"Regular-Season","L","Non-Playoff"
"L. Ball","29","1","6","1","3","0","2","0","9","9","4","1","1","2","1","-14","3","G","Played",TRUE,"4066421","lonzo-ball","LAL","LAC","400974442",2017-10-19,TRUE,0,0,2018,"Regular-Season","L","Non-Playoff"
"J. Randle","18","4","8","0","1","1","2","2","4","6","1","0","1","2","2","-25","9","F","Played",TRUE,"3064514","julius-randle","LAL","LAC","400974442",2017-10-19,TRUE,0,0,2018,"Regular-Season","L","Non-Playoff"
"C. Brewer","16","1","2","0","1","0","0","0","3","3","0","0","1","2","0","0","2","F","Played",TRUE,"3191","corey-brewer","LAL","LAC","400974442",2017-10-19,TRUE,0,0,2018,"Regular-Season","L","Non-Playoff"
"K. Kuzma","19","4","8","0","2","0","2","2","2","4","1","2","0","0","2","-17","8","F","Played",TRUE,"3134907","kyle-kuzma","LAL","LAC","400974442",2017-10-19,TRUE,0,0,2018,"Regular-Season","L","Non-Playoff"
"A. Bogut","11","0","0","0","0","0","0","0","2","2","1","1","2","3","3","-10","0","C","Played",TRUE,"2747","andrew-bogut","LAL","LAC","400974442",2017-10-19,TRUE,0,0,2018,"Regular-Season","L","Non-Playoff"
"J. Clarkson","23","7","16","2","3","2","3","0","2","2","2","2","0","3","0","-11","18","G","Played",TRUE,"2528426","jordan-clarkson","LAL","LAC","400974442",2017-10-19,TRUE,0,0,2018,"Regular-Season","L","Non-Playoff"
"A. Caruso","12","1","1","0","0","0","0","0","1","1","2","0","0","1","0","-10","2","G","Played",TRUE,"2991350","alex-caruso","LAL","LAC","400974442",2017-10-19,TRUE,0,0,2018,"Regular-Season","L","Non-Playoff"
"T. Ennis","10","1","3","0","0","0","0","1","1","2","3","0","0","0","0","14","2","G","Played",TRUE,"3059281","tyler-ennis","LAL","LAC","400974442",2017-10-19,TRUE,0,0,2018,"Regular-Season","L","Non-Playoff"
"K. Caldwell-Pope","0","0","0","0","0","0","0","0","0","0","0","0","0","0","0","0","0","G","DNP-SUSPENDED BY LEAGUE",FALSE,"2581018","kentavious-caldwell-pope","LAL","LAC","400974442",2017-10-19,TRUE,0,0,2018,"Regular-Season","L","Non-Playoff"
"D. Gallinari","33","3","13","2","6","3","4","0","5","5","3","2","1","0","2","19","11","F","Played",TRUE,"3428","danilo-gallinari","LAC","LAL","400974442",2017-10-19,FALSE,0,0,2018,"Regular-Season","W","Non-Playoff"
"B. Griffin","34","12","23","3","6","2","2","2","10","12","3","2","0","4","2","20","29","F","Played",TRUE,"3989","blake-griffin","LAC","LAL","400974442",2017-10-19,FALSE,0,0,2018,"Regular-Season","W","Non-Playoff"
"D. Jordan","32","5","10","0","0","4","4","9","15","24","1","1","0","1","3","11","14","C","Played",TRUE,"3442","deandre-jordan","LAC","LAL","400974442",2017-10-19,FALSE,0,0,2018,"Regular-Season","W","Non-Playoff"
"P. Beverley","24","4","12","2","5","0","0","3","0","3","1","2","1","1","3","20","10","G","Played",TRUE,"3964","patrick-beverley","LAC","LAL","400974442",2017-10-19,FALSE,0,0,2018,"Regular-Season","W","Non-Playoff"
"M. Teodosic","21","2","9","2","6","0","0","0","1","1","6","0","1","2","2","12","6","G","Played",TRUE,"4192","milos-teodosic","LAC","LAL","400974442",2017-10-19,FALSE,0,0,2018,"Regular-Season","W","Non-Playoff"
"W. Johnson","20","4","7","1","2","0","0","1","4","5","1","1","0","0","1","5","9","F","Played",TRUE,"4247","wesley-johnson","LAC","LAL","400974442",2017-10-19,FALSE,0,0,2018,"Regular-Season","W","Non-Playoff"
"S. Dekker","5","0","0","0","0","0","0","0","1","1","0","0","0","0","0","-14","0","F","Played",TRUE,"2991184","sam-dekker","LAC","LAL","400974442",2017-10-19,FALSE,0,0,2018,"Regular-Season","W","Non-Playoff"
"W. Reed","13","3","6","0","0","2","2","1","4","5","0","0","0","1","2","8","8","C","Played",TRUE,"2326015","willie-reed","LAC","LAL","400974442",2017-10-19,FALSE,0,0,2018,"Regular-Season","W","Non-Playoff"
"M. Harrell","3","2","3","0","0","0","0","0","0","0","0","0","0","1","0","-3","4","C","Played",TRUE,"2991055","montrezl-harrell","LAC","LAL","400974442",2017-10-19,FALSE,0,0,2018,"Regular-Season","W","Non-Playoff"
"A. Rivers","26","1","11","0","3","0","0","0","0","0","2","2","0","1","2","-5","2","G","Played",TRUE,"6617","austin-rivers","LAC","LAL","400974442",2017-10-19,FALSE,0,0,2018,"Regular-Season","W","Non-Playoff"
"L. Williams","25","5","12","1","4","1","1","1","2","3","6","2","0","2","1","13","12","G","Played",TRUE,"2799","lou-williams","LAC","LAL","400974442",2017-10-19,FALSE,0,0,2018,"Regular-Season","W","Non-Playoff"
"S. Thornwell","3","1","1","1","1","0","0","0","0","0","0","0","0","1","2","-6","3","G","Played",TRUE,"3064539","sindarius-thornwell","LAC","LAL","400974442",2017-10-19,FALSE,0,0,2018,"Regular-Season","W","Non-Playoff"
"B. Johnson","0","0","0","0","0","0","0","0","0","0","0","0","0","0","0","0","0","F","DNP-COACH'S DECISION",FALSE,"2982330","brice-johnson","LAC","LAL","400974442",2017-10-19,FALSE,0,0,2018,"Regular-Season","W","Non-Playoff"
"G. Antetokounmpo","39","15","22","0","1","4","6","2","6","8","8","3","1","2","2","-17","34","F","Played",TRUE,"3032977","giannis-antetokounmpo","MIL","CLE","400974443",2017-10-20,TRUE,0,0,2018,"Regular-Season","L","Non-Playoff"
"T. Maker","17","3","5","1","1","0","0","1","2","3","0","0","1","0","3","-3","7","F","Played",TRUE,"4017843","thon-maker","MIL","CLE","400974443",2017-10-20,TRUE,0,0,2018,"Regular-Season","L","Non-Playoff"
"K. Middleton","35","3","10","0","5","2","2","0","3","3","5","0","0","3","4","-4","8","F","Played",TRUE,"6609","khris-middleton","MIL","CLE","400974443",2017-10-20,TRUE,0,0,2018,"Regular-Season","L","Non-Playoff"
"M. Brogdon","34","6","12","4","9","0","0","0","2","2","1","2","0","2","2","-15","16","G","Played",TRUE,"2566769","malcolm-brogdon","MIL","CLE","400974443",2017-10-20,TRUE,0,0,2018,"Regular-Season","L","Non-Playoff"
"T. Snell","32","3","7","3","7","0","0","0","2","2","3","1","0","0","1","-5","9","G","Played",TRUE,"2528353","tony-snell","MIL","CLE","400974443",2017-10-20,TRUE,0,0,2018,"Regular-Season","L","Non-Playoff"
"M. Teletovic","9","1","4","1","4","0","0","0","0","0","0","0","0","0","0","-1","3","F","Played",TRUE,"4385","mirza-teletovic","MIL","CLE","400974443",2017-10-20,TRUE,0,0,2018,"Regular-Season","L","Non-Playoff"
"D.J. Wilson","1","0","0","0","0","0","0","0","0","0","0","0","0","0","0","-5","0","F","Played",TRUE,"3136491","dj-wilson","MIL","CLE","400974443",2017-10-20,TRUE,0,0,2018,"Regular-Season","L","Non-Playoff"
"J. Henson","8","1","1","0","0","2","2","2","0","2","0","0","0","1","1","-5","4","F","Played",TRUE,"6592","john-henson","MIL","CLE","400974443",2017-10-20,TRUE,0,0,2018,"Regular-Season","L","Non-Playoff"
"G. Monroe","18","4","8","0","0","0","0","3","3","6","0","0","0","3","1","-15","8","C","Played",TRUE,"4260","greg-monroe","MIL","CLE","400974443",2017-10-20,TRUE,0,0,2018,"Regular-Season","L","Non-Playoff"
"M. Dellavedova","24","1","5","1","3","0","0","0","2","2","5","0","0","3","3","-5","3","G","Played",TRUE,"2489716","matthew-dellavedova","MIL","CLE","400974443",2017-10-20,TRUE,0,0,2018,"Regular-Season","L","Non-Playoff"
"S. Brown","6","1","3","1","1","0","0","0","0","0","0","0","0","0","0","-4","3","G","Played",TRUE,"3057187","sterling-brown","MIL","CLE","400974443",2017-10-20,TRUE,0,0,2018,"Regular-Season","L","Non-Playoff"
"J. Terry","16","0","4","0","3","2","2","0","2","2","1","3","0","0","0","-11","2","G","Played",TRUE,"841","jason-terry","MIL","CLE","400974443",2017-10-20,TRUE,0,0,2018,"Regular-Season","L","Non-Playoff"
"R. Vaughn","1","0","1","0","1","0","0","0","0","0","0","0","0","0","0","-5","0","G","Played",TRUE,"3137733","rashad-vaughn","MIL","CLE","400974443",2017-10-20,TRUE,0,0,2018,"Regular-Season","L","Non-Playoff"
"K. Love","27","5","12","0","3","7","7","2","10","12","6","0","2","4","2","-2","17","F","Played",TRUE,"3449","kevin-love","CLE","MIL","400974443",2017-10-20,FALSE,0,0,2018,"Regular-Season","W","Non-Playoff"
"J. Crowder","25","6","8","2","2","0","0","0","4","4","1","1","0","0","1","4","14","F","Played",TRUE,"6581","jae-crowder","CLE","MIL","400974443",2017-10-20,FALSE,0,0,2018,"Regular-Season","W","Non-Playoff"
"L. James","37","10","16","2","4","2","2","1","4","5","8","1","1","5","2","13","24","F","Played",TRUE,"1966","lebron-james","CLE","MIL","400974443",2017-10-20,FALSE,0,0,2018,"Regular-Season","W","Non-Playoff"
"D. Rose","23","3","4","0","0","6","6","1","1","2","1","2","0","1","0","9","12","G","Played",TRUE,"3456","derrick-rose","CLE","MIL","400974443",2017-10-20,FALSE,0,0,2018,"Regular-Season","W","Non-Playoff"
"D. Wade","26","2","7","0","1","0","0","0","2","2","3","1","0","3","3","-2","4","G","Played",TRUE,"1987","dwyane-wade","CLE","MIL","400974443",2017-10-20,FALSE,0,0,2018,"Regular-Season","W","Non-Playoff"
"J. Green","18","4","7","0","2","2","2","1","0","1","1","1","0","1","1","10","10","F","Played",TRUE,"3209","jeff-green","CLE","MIL","400974443",2017-10-20,FALSE,0,0,2018,"Regular-Season","W","Non-Playoff"
"T. Thompson","24","4","6","0","0","0","0","3","5","8","0","0","0","0","0","16","8","F","Played",TRUE,"6474","tristan-thompson","CLE","MIL","400974443",2017-10-20,FALSE,0,0,2018,"Regular-Season","W","Non-Playoff"
"C. Frye","1","1","1","1","1","0","0","0","1","1","1","0","0","0","0","5","3","F","Played",TRUE,"2754","channing-frye","CLE","MIL","400974443",2017-10-20,FALSE,0,0,2018,"Regular-Season","W","Non-Playoff"
"C. Osman","1","0","0","0","0","0","0","0","0","0","0","0","0","0","0","5","0","F","Played",TRUE,"3893016","cedi-osman","CLE","MIL","400974443",2017-10-20,FALSE,0,0,2018,"Regular-Season","W","Non-Playoff"
"I. Shumpert","14","0","1","0","1","0","0","1","1","2","1","1","0","1","1","3","0","G","Played",TRUE,"6468","iman-shumpert","CLE","MIL","400974443",2017-10-20,FALSE,0,0,2018,"Regular-Season","W","Non-Playoff"
"K. Korver","19","6","8","5","6","0","0","0","3","3","1","1","0","0","0","14","17","G","Played",TRUE,"2011","kyle-korver","CLE","MIL","400974443",2017-10-20,FALSE,0,0,2018,"Regular-Season","W","Non-Playoff"
"J. Smith","23","3","11","1","6","0","0","0","4","4","2","0","0","2","1","15","7","G","Played",TRUE,"2444","jr-smith","CLE","MIL","400974443",2017-10-20,FALSE,0,0,2018,"Regular-Season","W","Non-Playoff"
"J. Calderon","1","0","0","0","0","0","0","0","0","0","0","0","0","0","0","5","0","G","Played",TRUE,"2806","jose-calderon","CLE","MIL","400974443",2017-10-20,FALSE,0,0,2018,"Regular-Season","W","Non-Playoff"
